"occurrenceId","marker","identity","bitScore","expectValue","matchType","scientificName","classification","sequence"
"R6895_11;size=1","COI","97.368","712","0","BLAST_CLOSE_MATCH","BOLD:ACE5304","Animalia_Arthropoda_Insecta_Lepidoptera_Gelechiidae_Filatima","AATAAATAATATAAGATTTTGACTTTTACCTCCCTCTTTAACTTTACTTATTGCAAGTAGAATTGTTGAAAATGGAGCAGGAACAGGATGAACAGTTTATCCCCCTTTATCCTCTAATATTGCTCATGGAGGTAGATCTGTTGATTTAGCAATTTTTTCCTTACATTTAGCTGGAATTTCTTCAATTTTAGGAGCAATTAATTTTATTACAACAATCATTAATATACGTATTAATAATTTATCATTTGATAAAATACCTTTATTTGTTTGATCAGTAGGTATTACTGCATTACTTTTACTTCTTTCTCTCCCTGTTTTAGCTGGTGCTATTACTATACTTTTAACAGATCGAAATTTAAATACATCATTTTTTGATCCTGCTGGAGGGGGAGATCCTATTCTTTATCAACATTTATTT"
"R6898_11;size=1","COI","99.282","756","0","BLAST_EXACT_MATCH","BOLD:AAB8787","Animalia_Arthropoda_Insecta_Diptera_Lauxaniidae_Minettia_Minettia lupulina","AATAAATAATATAAGATTTTGACTTTTACCTCCATCTCTTACTCTTCTTTTAGTGAGAAGTATAGTTGAAAACGGAGCTGGAACTGGTTGAACGGTTTACCCTCCTTTATCTTCAGGAATTGCACATGGAGGAGCTTCTGTAGATTTAGCAATTTTTAGACTTCATTTAGCAGGAGCTTCTTCAATTATAGGGGCTGTAAATTTTATTACAACCGTTATTAATATACGTTCAACAGGTATTACTTTTGATCGAATACCTTTATTTGTCTGATCTGTTGTTATTACTGCTATTCTTTTACTTCTTTCTCTTCCTGTTTTAGCAGGAGCTATTACTATACTTCTTACAGACCGAAATTTAAATACTTCTTTCTTTGACCCAGCTGGAGGAGGAGATCCAATTTTATACCAACATTTATTT"
"R6903_11;size=1","COI","98.325","734","0","BLAST_CLOSE_MATCH","BOLD:AAB8787","Animalia_Arthropoda_Insecta_Diptera_Lauxaniidae_Minettia_Minettia lupulina","AATAAATAATATAAGATTTTGACTTTTACCCCCATCTCTTACTCTTCTTTTAGTGAGAAGTATAGTTGAAAATGGAGCTGGAACTGGTTGAACGGTTTATCCTCCTTTATCTTCAGGAATTGCACATGGAGGAGCTTCTGTAGATTTAGCAATTTTTAGACTTCATTTAGCAGGAGCTTCTTCAATTATAGGAGCTGTAAATTTTATTACTACCGTTATTAATATACGTTCAACAGGTATTACTTTTGATCGAATACCTTTATTTGTCTGATCTGTTGTTATTACTGCTATTCTTTTACTTCTTTCTCTTCCTGTTTTAGCAGGAGCTATTACTATACTTCTTACAGACCGAAATTTAAATACTTCTTTCTTTGACCCAGCTGGAGGAGGAGATCCAATCTTATACCAACATTTATTT"
"R6904_11;size=1","COI","98.804","745","0","BLAST_CLOSE_MATCH","BOLD:AAV9337","Animalia_Arthropoda_Insecta_Diptera_Asilidae_Cophura_Cophura brevicornis","AATAAATAATATAAGATTTTGAATACTACCGCCCTCATTAACTTTATTACTAGCAAGTAGTATAGTAGAAAATGGAGCAGGAACTGGATGAACAGTTTACCCACCGTTATCATCACTAATTGCCCATAGAGGATCTTCTGTAGATTTAGCTATTTTCTCCCTTCACTTGGCTGGTATTTCATCAATTTTGGGAGCAGTAAATTTTATTACTACAGTAATTAATATACGATCAACAGGTATTAATTTTGATCGTATACCATTATTTGTATGATCGGTTGTAATTACTGCTATCTTACTTCTACTATCTTTACCAGTTTTAGCCGGAGCAATCACTATATTATTAACAGACCGAAATTTAAATACATCATTTTTTGACCCTGCAGGAGGGGGAGATCCAATTTTATACCAACACCTATTC"
"R6905_11;size=1","COI","97.129","706","0","BLAST_CLOSE_MATCH","BOLD:ACE5304","Animalia_Arthropoda_Insecta_Lepidoptera_Gelechiidae_Filatima","AATAAATAATATAAGTTTTTGACTTCTTCCCCCTTCTCTTACCCTTTTAATCTCAAGAAGAATTGTAGAAAATGGGGCAGGAACAGGATGAACAGTTTATCCCCCTTTATCCTCTAATATTGCTCATGGAGGTAGATCTGTTGATTTAGCAATTTTTTCCTTACATTTAGCTGGAATTTCTTCAATTTTAGGAGCAATTAATTTTATTACAACAATCATTAATATACGTATTAATAATTTATCATTTGATAAAATACCTTTATTTGTTTGATCAGTAGGTATTACTGCATTACTTTTACTTCTTTCTCTCCCTGTTTTAGCTGGTGCTATTACTATACTTTTAACAGATCGAAATTTAAATACATCATTTTTTGATCCTGCTGGAGGGGGAGATCCTATTCTTTATCAACATTTATTT"
"R6906_11;size=1","COI","98.565","739","0","BLAST_CLOSE_MATCH","BOLD:ACF3208","Animalia_Arthropoda_Insecta_Orthoptera_Acrididae_Conozoa_Conozoa sulcifrons","AATAAACAACATAAGATTTTGGTTATTACCACCATCATTAATTCTATTAATTTCATCTAGAATTGTTGATAGTGGAGCAGGTACAGGATGAACGGTTTACCCACCATTAGCAGGAGCAATTGCACATGGTGGAGCATCAGTAGATTTAGCCATTTTCTCATTACATTTAGCAGGTATTTCATCAATCCTAGGAGCAGTAAATTTCATTACAACAGCAATTAATATACGATCAGATAGAATATCTATAGACCAAACACCACTATTTGTTTGATCAGTAGCAATTACAGCATTATTACTATTATTATCACTACCAGTTTTAGCTGGAGCAATTACAATACTATTAACAGACCGAAATCTGAATACATCATTCTTTGACCCAGCAGGAGGTGGAGATCCAATTCTTTATCAACATTTATTT"
"R6907_11;size=1","COI","95.204","660","0","BLAST_CLOSE_MATCH","BOLD:AAB2384","Animalia_Arthropoda_Insecta_Diptera_Syrphidae_Eupeodes","AATAAATAATATAAGTTTTTGATTACTTCCTCCTTCTTTAACTTTATTATTAGTAAGAAGTATAGTAGAAAATGGAGCTGGTACAGGATGAACTGTTTACCCTCCTCTTTCTTCTAGAATTGCTCATGGTGGGGCTTCTGTTGATTTAGCTATTTTTTCTCTTCATTTAGCTGGTATATCTTCAATTTTAGGGGCTGTAAATTTTATTACTACAGTAATTAATATACGATCTAATGGAATTTCTTATGATCGTATACCTTTATTTGTATGATCAGTAGTAATTACTGCTTTATTATTACTTTTATCATTACCAGTATTAGCAGGAGCTATTACTATACTTTTAACTGATCGAAATTTAAATACATCATTCTTTGACCCAGCAGGAGGAGGTGATCCAATTTTATATCAACATTTATTT"
"R6908_11;size=1","COI","99.282","756","0","BLAST_EXACT_MATCH","BOLD:AAG2492","Animalia_Arthropoda_Insecta_Diptera_Anthomyiidae","AATAAATAATATAAGTTTTTGACTTTTACCTCCTGCATTAACTTTATTATTGGTAAGTAGTATAGTAGAAAACGGAGCTGGAACAGGATGAACTGTTTATCCTCCCCTTTCTTCCAATATTGCTCACGGAGGAGCTTCTGTTGATTTAGCTATTTTTTCTCTTCATTTAGCTGGAATTTCATCTATTTTAGGAGCCGTAAATTTTATTACAACAGTAATTAATATACGATCAACAGGAATTACATTTGATCGAATACCTTTATTTGTTTGATCAGTAGTAATTACAGCATTATTATTATTGTTATCTTTACCTGTTTTAGCAGGAGCTATTACTATATTATTAACAGATCGAAATTTAAATACTTCGTTTTTTGACCCCGCAGGTGGAGGAGATCCAATTTTATATCAACATTTATTT"
"R7008_42;size=1","COI","96.172","684","0","BLAST_CLOSE_MATCH","BOLD:AAG7674","Animalia_Arthropoda_Insecta_Hymenoptera_Ichneumonidae_Coelichneumon_Coelichneumon eximius","AATAAATAATATAAGATTTTGATTACTTCCCCCATCAATCTTTATATTAATTAGAGGATCTATTATCAATCAAGGAGCAGGAACAGGTTGAACTGTTTATCCCCCATTATCATTAAATTTAAATCATGAAGGTATATCAATTGATTTATCAATTTTTTCTCTTCATTTAGCCGGTATATCCTCAATTATAGGAGCAATTAATTTTATTTCAACAATCATAAATATATATCCTATAAACTTGAAACTTGAACAATTAACTTTATTCACTTGATCAATTTTTATTACCACTATCCTTTTATTATTAGCTGTTCCAGTTTTAGCTGGTGCTATTACTATATTACTAACTGATCGAAATTTAAATACATCATTTTTTGATCCATCAGGTGGAGGTGACCCAATTCTTTATCAACATTTATTT"
"R7028_42;size=1","COI","98.801","743","0","BLAST_CLOSE_MATCH","BOLD:ABZ2954","Animalia_Arthropoda_Insecta_Lepidoptera_Geometridae_Neoalcis_Neoalcis californiaria","TATAAATAATATAAGATTTTGATTATTACCTCCATCATTAACTTTATTAATTTCTAGAAGAATTGTAGAAAATGGGGCTGGAACTGGTTGAACAGTGTACCCACCTTTATCTTCTAATATTGCTCACGGGGGAAGTTCAGTAGATTTAGCAATTTTTTCATTACATTTAGCTGGTATTTCATCAATTTTAGGTGCTATTAATTTTATTACAACAATTATTAATATACGATTAAATAATTTATCATTTGATCAAATACCCCTATTTGTTTGATCAGTTGGGATTACAGCATTTTTACTACTCTTATCATTACCAGTATTAGCAGGAGCTATTACAATATTATTAACTGATCGAAATTTAAATACCTCATTCTTTGACCCCGCTGGGGGAGGTGACCCAATTCTTTACCAACATTTATTT"
"R7062_2;size=1","COI","100","723","0","BLAST_EXACT_MATCH","BOLD:ACB1703","Animalia_Arthropoda_Insecta_Hymenoptera_Ichneumonidae_Mesoleptus","AATAAATAATATAAGATTTTGATTACTCCCCCCTTCATTACTTTTATTATTAAATAGTAGAATAATTAATCAAGGAACAGGAACAGGATGAACAGTTTATCCTCCATTATCATTAAATTTAAATCATGAAGGTATATCTATTGATATAGCAATTTTTTCTTTACATTTAGCAGGTATATCTTCAATTATAGGAGCTATTAATTTTATTTCTACTATTTTAAATATATTTCCTATTATAATAAAATTTGAACAATTAACTCTTTTTTCTTGATCAATTTTAATTACTACAATTTTACTTTTACTTGCAGTTCCAGTTTTAGCTGGAGCAATCACAATATTATTAACTGATCGAAACTTAAATACATCATTTTTTGACCCATCTGGAGGAGGGGATCCAATTTTATACCAACACTTATTT"
"R7120_42;size=1","COI","98.301","723","0","BLAST_CLOSE_MATCH","BOLD:ACB2526","Animalia_Arthropoda_Insecta_Hymenoptera_Pteromalidae","AATAAATAATATAAGATTTTGATTATTACCACCTAGAATAACTTTATTAATTTCTAGAATATTTGTTGGATCTGGTACAGGAACAGGATGAACAGTATACCCACCTTTATCTTCTAATTTATCTCATACTGGTCCATCAGTAGATTTATCTATTTTTTCTTTACATATTGCAGGTATTTCTTCAATTATAGGATCAATTAATTTTATTACTACTATTATTAATATAAAAATTTATAAAATTGAAAATATTCCTTTATTTGCATGATCAATATTACTTACAGCAATTTTATTATTATTATCTCTTCCAGTTTTAGCAGGTGCTATTACTATGTTATTATTTGATCGAAATTTAAATACATCATTTTTTGATCCATCAGGAGGAGGTGATCCTATTTTATATCAACATTTATTT"
"R7129_42;size=1","COI","99.043","750","0","BLAST_EXACT_MATCH","BOLD:AAI4752","Animalia_Arthropoda_Insecta_Diptera_Tachinidae_Bombyliomyia","AATAAAAAATATAAGATTTTGATTGCTTCCACCCGCAATAACTTTATTATTAGTTAGAAGTATAGTAGAAAACGGAGCTGGAACAGGATGAACTGTTTACCCTCCACTATCTTCTAATATTGCTCATAGAGGAGCTTCTGTTGATTTAGCTATTTTTTCTTTACATTTAGCTGGAATTTCTTCCATTTTAGGAGCTGTAAATTTTATTACAACAGTAATTAATATACGATCAACAGGTATTACTTTTGACCGAATACCTTTATTTGTATGATCTGTAGTAATTACAGCTTTATTATTATTATTATCTTTACCTGTATTAGCCGGAGCAATCACTATATTATTAACAGATCGAAATTTAAATACTTCATTTTTTGACCCGGCAGGAGGAGGAGATCCTATTCTTTATCAACATTTATTT"
"R7130_42;size=1","COI","99.043","750","0","BLAST_EXACT_MATCH","BOLD:AAM6249","Animalia_Arthropoda_Insecta_Diptera_Chironomidae_Rheocricotopus_Rheocricotopus robacki","AATAAATAATATAAGATTTTGACTTTTACCCCCATCATTAACATTACTTTTATCAAGTTCTATTGTTGAAAATGGGGCCGGGACAGGTTGAACTGTATATCCTCCGCTTTCATCAGGAATTGCCCATACTGGAGGTTCAGTAGATTTAGCCATTTTTTCTCTTCATTTAGCTGGTATTTCTTCTATTTTAGGGGCAGTAAATTTTATTACTACTGTTATTAATATACGATCGAATGGAATTACTCTAGATCGAATACCATTATTTGTTTGATCTGTAATTATTACAGCTATTTTATTACTTTTATCTTTACCTGTTTTAGCTGGAGCTATTACAATACTATTAACAGATCGAAATTTAAACACCTCATTTTTCGATCCTGCTGGAGGGGGAGATCCAATTTTATACCAACATTTATTT"
"R7157_42;size=1","COI","99.522","761","0","BLAST_EXACT_MATCH","BOLD:AAD0073","Animalia_Arthropoda_Insecta_Coleoptera_Cerambycidae_Xestoleptura_Xestoleptura crassipes","AATAAATAATATAAGATTTTGATTACTGCCACCTTCACTTACTTTACTTATCATAAGAAGAATTGTAGAAAATGGAGCCGGAACAGGATGAACTGTTTACCCACCTCTTTCATCTAATATTGCTCATGGAGGACCTTCAGTTGATTTAGCAATTTTTAGACTTCATTTAGCTGGTATTTCATCAATTTTAGGAGCTGTAAATTTTATTACTACAGTAATTAATATACGACCTGTTGGTATAAATCCTGACCAAATACCTTTATTTGTATGAGCAGTTGTAATTACTGCAGTACTTTTACTTTTATCTTTACCTGTATTAGCGGGAGCAATTACAATACTTTTAACTGATCGAAATCTTAATACATCTTTTTTTGACCCGGCTGGAGGTGGTGATCCTATCTTATATCAACACTTATTT"
"R7172_42;size=1","COI","96.89","701","0","BLAST_CLOSE_MATCH","BOLD:AAA6739","Animalia_Arthropoda_Insecta_Lepidoptera_Geometridae_Enypia","AATAAATAATATGAGTTTCTGACTTCTTCCCCCTTCCCTTACTCTTTTAATTTCAAGAAGAATTGTAGAAAATGGAGCAGGAACAGGATGAACTGTTTACCCACCTTTATCATCTAATATTGCTCATGGAGGAAGATCTGTAGACTTAGCTATTTTTTCTTTACATTTAGCGGGTATTTCTTCTATTTTAGGAGCAATTAATTTTATTACAACAATTATTAATATACGATTAAATAATTTATCTTTTGATCAAATACCATTATTTATTTGAGCAGTTGGAATTACTGCATTTTTATTATTATTATCATTACCTGTATTAGCAGGAGCTATTACTATATTATTAACTGATCGAAATTTAAATACATCATTTTTTGACCCTGCTGGAGGAGGAGACCCAATTTTATATCAACATTTATTT"
"R7176_42;size=1","COI","98.804","745","0","BLAST_CLOSE_MATCH","BOLD:AAU6113","Animalia_Arthropoda_Insecta_Orthoptera_Rhaphidophoridae_Pristoceuthophilus_Pristoceuthophilus celatus","AATAAACAATATAAGATTTTGATTACTTCCTCCTTCCCTGACCCTTTTACTGGCAAGTAGCCTAGTTGAAAATGGAGCTGGCACAGGTTGAACAGTATACCCTCCTCTTTCTGCTGGAATTGCTCATGCTGGAGCCTCAGTAGACTTAGCTATTTTCTCTTTACACTTAGCTGGAATCTCTTCAATTCTAGGAGCTGTAAATTTCATTACTACAACTATCAATATACGATCTCCAGAAATAAATTTTGATCAAATGCCACTATTTGTTTGATCTGTAGCTATTACAGCCTTACTTTTATTACTTTCCTTACCAGTTTTAGCAGGAGCAATTACTATACTTCTTACTGACCGTAATCTAAATACATCCTTTTTTGACCCTGCTGGTGGGGGAGATCCAATTCTTTATCAACATTTATTT"
"R7177_42;size=1","COI","96.651","691","0","BLAST_CLOSE_MATCH","BOLD:AAI4752","Animalia_Arthropoda_Insecta_Diptera_Tachinidae_Bombyliomyia","AATAAATAATATAAGATTTTGAATACTTCCCCCCTCTTTAACTTTACTATTAGCAAGAAGTATAGTGGAAAACGGAGCTGGAACAGGATGAACTGTTTACCCTCCACTATCTTCTAATATTGCTCATAGAGGAGCTTCTGTTGATTTAGCTATTTTTTCTTTACATTTAGCTGGAATTTCTTCCATTTTAGGAGCTGTAAATTTTATTACAACAGTAATTAATATACGATCAACAGGTATTACTTTTGACCGAATACCTTTATTTGTATGATCTGTAGTAATTACAGCTTTATTATTATTATCTTTACCTGTATTAGCCGGAGCAATCACTATATTATTAACAGATCGAAATTTAAATACTTCATTTTTTGACCCGGCAGGAGGAGGAGATCCTATTCTTTATCAACATTTATTT"
"R7179_39;size=1","COI","97.847","723","0","BLAST_CLOSE_MATCH","BOLD:ACI3443","Animalia_Arthropoda_Insecta_Diptera_Muscidae_Phaonia","ATTAAATAATATAAGCTTTTGACTTTTACCTCCTGCTTTAATTCTATTATTAATTAGTAGCATAGTGGAAAACGGAGCTGGAACTGGATGAACTGTTTATCCACCTTTATCATCAAATGTAGCTCATAGAGGAGCTTCTGTTGATTTAGCAATTTTTTCTCTTCATCTAGCAGGTATTTCTTCTATTTTAGGAGCAGTTAATTTTATTACAACTGTAATTAATATACGATCGACAGGTATTACATTTGATCGTATACCTTTATTTGTATGATCTGTAGTAATTACAGCTTTGTTATTACTTTTATCTTTACCTGTATTAGCTGGAGCTATTACTATATTATTAACAGATCGAAATTTAAATACATCATTCTTTGATCCAGCAGGAGGAGGAGATCCAGTATTATACCAACATCTTTTT"
"R7182_42;size=1","COI","88.756","512","6.77e-144","BLAST_WEAK_MATCH","BOLD:ABW9891","Animalia_Arthropoda_Insecta_Coleoptera_Elateridae_Megapenthes","AATAAACAATATAAGATTTTGACTTTTACCCCCCTCATTATCCCTTCTTCTTATGAGAAGAATTGTTGAAAACGGAGCAGGAACTGGATGAACAGTCTACCCCCCTTTATCATCCAATATTGCCCACAGAGGATCATCTGTAGATCTAGCAATTTTCAGCCTCCACCTAGCAGGAATCTCCTCTATTCTAGGGGCCGTAAATTTTATCTCAACAGTTATTAACATACGATCAGTAGGAATCACATTTGATCGAATACCTTTATTTGTATGAGCTGTAGCAATCACAGCCCTTCTTCTCCTCCTTTCACTACCTGTACTTGCAGGAGCAATCACAATACTTCTTACAGACCGAAACCTAAATACATCATTCTTTGACCCTGCAGGAGGAGGTGACCCTATCTTATACCAACACCTATTC"
"R7202_42;size=1","COI","97.368","712","0","BLAST_CLOSE_MATCH","BOLD:AAI4752","Animalia_Arthropoda_Insecta_Diptera_Tachinidae_Bombyliomyia","AATAAATAATATAAGATTTTGAATACTTCCCCCCTCTTTAACTTTACTATTAGCAAGAAGTATAGTGGAAAACGGAGCTGGAACAGGATGAACTGTTTACCCTCCACTATCTTCTAATATTGCTCATAGAGGAGCTTCTGTTGATTTAGCTATTTTTTCTTTACATTTAGCTGGAATTTCTTCCATTTTAGGAGCTGTAAATTTTATTACAACAGTAATTAATATACGATCAACAGGTATTACTTTTGACCGAATACCTTTATTTGTATGATCTGTAGTAATTACAGCTTTATTATTATTATTATCTTTACCTGTATTAGCCGGAGCAATCACTATATTATTAACAGATCGAAATTTAAATACTTCATTTTTTGACCCGGCAGGAGGAGGAGATCCTATTCTTTATCAACATTTATTT"
"R7204_42;size=1","COI","99.282","756","0","BLAST_EXACT_MATCH","BOLD:AAD2838","Animalia_Arthropoda_Insecta_Lepidoptera_Crambidae_Eudonia_Eudonia echo","AATAAATAATATAAGATTTTGATTATTACCTCCATCATTAACTTTATTAATTTCTAGAAGAATTGTAGAAAATGGAGCAGGAACAGGATGAACAGTTTATCCCCCACTTTCATCTAATATTGCTCATGGAGGAGGATCTGTAGATTTAGCAATTTTTTCATTACATTTAGCGGGAATTTCTTCAATTTTAGGAGCAATTAATTTTATTACAACAATTATTAATATACGAATTAATAATTTATCTTTTGATCAAATACCTTTATTTGTTTGAGCTGTAGGTATTACAGCATTATTACTTTTATTATCTTTACCTGTTTTAGCGGGAGCTATTACTATATTATTAACAGATCGAAATTTAAATACATCTTTTTTTGACCCAGCTGGGGGAGGAGACCCTATTTTATACCAACATTTATTT"
"R7218_2;size=1","COI","96.651","695","0","BLAST_CLOSE_MATCH","BOLD:AAP7670","Animalia_Arthropoda_Insecta_Diptera_Tabanidae_Chrysops","AATAAATAACATAAGTTTTTGATTACTTCCCCCTTCATTAACCCTACTATTAGTTAGCAGTATAGTTGAAAACGGAGCTGGAACTGGATGAACTGTATACCCTCCATTATCTGCAGCTATTGCTCATGGAGGAGGTTCAGTAGATTTAGCAATTTTTTCTCTACATTTAGCTGGAATCTCTTCAATTTTAGGAGCTGTAAATTTTATTACAACAGTAATTAATATACGATCAACAGGAATTACATTCGATCGAATACCTTTATTTGTTTGAGCTGTTGTTATTACTGCTATTCTTCTTTTATTATCTTTACCTGTTTTAGCTGGAGCTATTACAATATTATTAACAGATCGAAATTTAAATACCTCATTCTTTGACCCAGCAGGGGGAGGAGATCCAATTTTATACCAACATTTATTT"
"R7237_42;size=1","COI","99.522","761","0","BLAST_EXACT_MATCH","BOLD:ACI3443","Animalia_Arthropoda_Insecta_Diptera_Muscidae_Phaonia","ATTAAATAATATGAGCTTTTGACTTTTACCTCCTGCTTTAATCTTATTACTAACTAGTAGTATAGTAGAAAACGGAGCTGGAACTGGATGAACTGTTTATCCACCTTTATCATCAAATGTAGCTCATAGAGGAGCTTCTGTTGATTTAGCAATTTTTTCTCTTCATCTAGCAGGTATTTCTTCTATTTTAGGAGCAGTTAATTTTATTACAACTGTAATTAATATACGATCAACAGGTATTACATTCGATCGTATACCTTTATTTGTATGATCTGTAGTAATTACAGCTTTGTTATTACTTTTATCTTTACCTGTATTAGCTGGAGCTATTACTATATTATTAACAGATCGAAATTTAAATACATCATTCTTTGATCCAGCAGGAGGAGGAGATCCAGTATTATACCAACATCTTTTT"
"R7306_2;size=1","COI",,,,"BLAST_NO_MATCH",,,"TATGAATAATTTAAGTTTTTGGTTATTAGTGTCATCTTTTATTTTGCTCATTCTCCCAGTGTTTATTGGTGAAGGTCCAGGTACAGGTTGGACTTTATATCCACCTTTATCACAGGTAATGTCCCATCCAAGTGCAGGAGTTGACATTGCTATACTTGCACTTCATGTTGCTGGTATGTCGTCAATTGTTGGGGCGATCAACTTTATAGTTACTATATTTAACATGCGCACAAAAGGAATGTCATTAACTAAGATGCCACTGTTTGTTTGGTCTGTCTTGCTAACAGCATTTATGTTGATTGTTGCCTTACCAGTGCTTGCCGGTGCTATAACTATGCTTCTTACTGATCGCAATGTTGGTACTTCCTTTTTTGATCCTGCCGGTGGCGGAGATCCTGTGTTATTTCAACATCTATTT"
"R7310_2;size=1","COI","95.694","673","0","BLAST_CLOSE_MATCH","BOLD:AAG4564","Animalia_Arthropoda_Insecta_Diptera_Tabanidae_Chrysops_Chrysops sackeni","AATAAATAACATAAGTTTTTGATTACTTCCCCCTTCATTAACCCTACTATTAGTTAGCAGTATAGTTGAAAACGGAGCTGGAACTGGATGAACTGTATACCCTCCATTATCTGCAGCTATTGCTCATGGAGGAGGTTCAGTAGATTTAGCAATTTTTTCTTTACACTTAGCTGGAATTTCTTCAATTTTAGGAGCTGTAAATTTTATTACTACAGTAATTAATATACGATCAACAGGAATTACATTCGATCGAATACCTTTATTTGTTTGAGCTGTTGTAATTACTGCTATTCTTCTTTTATTATCTTTACCTGTTTTAGCTGGAGCTATTACTATATTATTAACAGATCGAAATTTAAATACTTCATTCTTTGACCCAGCAGGAGGAGGAGATCCAATTTTATACCAACATTTATTT"
"R7330_2;size=1","COI","98.804","745","0","BLAST_CLOSE_MATCH","BOLD:AAB6388","Animalia_Arthropoda_Insecta_Hymenoptera_Vespidae_Dolichovespula_Dolichovespula maculata","AATAAACAATATAAGATTTTGACTCCTTCCACCATCATTATTTCTTTTAATTATAAGAAGATTTATTAGTGGAGGTGTAGGAACGGGTTGAACCTTATATCCACCTCTTTCTTCTCTTATTGGACATAATTCTCCCTCAGTTGATTTAAGAATTTTTTCAATTCATATTGCTGGAATTTCATCAATTATAGGATCTATTAATTTTATTGTAACAATTTTAAATATACATACAAAAACTAATTCATTAAATTTTTTACCTTTATTTTCATGATCAGTTTTAATTACTGCTATTCTTTTAATTTTATCATTACCAGTTTTAGCTGGTGCAATTACTATATTATTATCCGATCGAAACTTTAATACATCATTTTTTGATCCTACAGGAGGAGGAGATCCAATCCTCTATCAACATTTATTC"
"R7346_2;size=1","COI","97.368","712","0","BLAST_CLOSE_MATCH","BOLD:AAB9848","Animalia_Arthropoda_Insecta_Lepidoptera_Noctuidae_Caradrina_Caradrina meralis","AATAAATAATATAAGATTTTGATTATTACCCCCCTCTCTTACTTTATTAATTTCAAGAAGAATTGTAGAAAATGGAGCTGGAACAGGATGAACAGTATACCCCCCCCTTTCTTCTAATATTGCACATGGAGGAAGTTCTGTTGATTTAGCAATTTTTTCTTTACATTTAGCTGGTATTTCTTCTATCTTAGGTGCTATTAATTTTATTACAACAATTATTAATATACGATTAAATAATTTATCTTTTGATCAAATACCATTATTTGTTTGAGCTGTTGGAATCACTGCTTTTTTATTATTATTATCATTACCTGTTTTAGCTGGAGCTATTACTATACTTTTAACTGATCGAAATTTAAATACTTCTTTTTTTGATCCAGCTGGAGGAGGTGATCCAATTCTTTATCAACATTTATTT"
"R7371_2;size=1","COI","97.129","706","0","BLAST_CLOSE_MATCH","BOLD:ADB5664","Animalia_Arthropoda_Insecta_Lepidoptera_Blastobasidae_Hypatopa","TATAAATAATATAAGTTTTTGACTCCTACCCCCATCTCTTACCTTACTAATTTCTAGAAGAATCGTAGAAAATGGAGCAGGAACAGGATGAACAGTATACCCCCCACTTTCATCTAATATTGCTCACGGAGGAAGTTCAGTAGATTTAGCTATTTTTTCCCTACATTTAGCTGGTATTTCCTCAATTTTAGGAGCTATTAATTTTATTACTACTATTATCAATATACGACCTAATAATATATCTTTTGATCAAATACCTTTATTTGTTTGATCAGTTGGTATTACAGCTTTACTTTTACTTTTATCTTTACCAGTTTTAGCTGGAGCTATTACTATATTATTAACAGATCGAAATCTTAATACATCTTTTTTTGACCCTGCTGGAGGTGGAGATCCTATTTTATATCAACATTTATTT"
"R7396_2;size=1","COI","97.129","706","0","BLAST_CLOSE_MATCH","BOLD:AAA6739","Animalia_Arthropoda_Insecta_Lepidoptera_Geometridae_Enypia","AATAAATAATATAAGTTTCTGACTTCTTCCCCCTTCTCTTACTCTTTTAATTTCAAGAAGAATTGTAGAAAATGGAGCAGGAACAGGATGAACTGTTTACCCACCTTTATCATCTAATATTGCTCATGGAGGAAGATCTGTAGACTTAGCTATTTTTTCTTTACATTTAGCGGGTATTTCTTCTATTTTAGGAGCAATTAATTTTATTACAACAATTATTAATATACGATTAAATAATTTATCTTTTGATCAAATACCATTATTTATTTGAGCAGTTGGAATTACTGCATTTTTATTATTATTATCATTACCTGTATTAGCAGGAGCTATTACTATATTATTAACTGATCGAAATTTAAATACATCATTTTTTGACCCTGCTGGAGGAGGAGACCCAATTTTATATCAACATTTATTT"
"R7409_2;size=1","COI","95.694","673","0","BLAST_CLOSE_MATCH","BOLD:AAP7670","Animalia_Arthropoda_Insecta_Diptera_Tabanidae_Chrysops","AATAAATAACATAAGTTTTTGATTACTTCCCCCTTCATTAACCCTACTATTAGTTAGCATTATAGTTGAAAACGGAGCTGGAACTGGATGAACTGTATACCCTCCATTATCTGCAGCTATTGCTCATGGAGGAGGTTCAGTAGATTTAGCAATTTTTTCTCTACATTTAGCTGGAATCTCTTCAATTTTAGGAGCTGTAAATTTTATTACAACAGTAATTAATATACGATCAACAGGAATTACATTCGATCGAATACCTTTATTTGTTTGAGCTGTTGTTATTACTGCTATTCTTCTTTTATTATCTTTACCTGTTTTAGCTGGAGCTATTACTATATTATTAACAGATCGAAATTTAAATACTTCATTCTTTGACCCAGCAGGAGGAGGAGATCCAATTTTATACCAACATTTATTT"
"R7411_2;size=1","COI","96.643","693","0","BLAST_CLOSE_MATCH","BOLD:AAB1142","Animalia_Arthropoda_Insecta_Diptera_Tabanidae_Chrysops_Chrysops furcatus","AATAAATAATATAAGTTTTTGATTACTTCCTCCTTCATTAACCCTTCTATTAGTTAGAAGTATAGTTGAAAACGGAGCTGGAACTGGATGAACTGTATACCCTCCATTATCTGCAGCTATTGCTCATGGAGGAGGTTCAGTAGATTTAGCAATTTTTTCTTTACACTTAGCTGGAATTTCTTCAATTTTAGGAGCTGTAAATTTTATTACTACAGTAATTAATATACGATCAACAGGAATTACATTCGATCGAATACCTTTATTTGTTTGAGCTGTTGTAATTACTGCTATTCTTCTTTTATTATCTTTACCTGTTTTAGCTGGAGCTATTACTATATTATTAACAGATCGAAATTTAAATACTTCATTCTTTGACCCAGCAGGAGGAGGAGATCCAATTTTATACCAACATTTATTT"
"R7421_2;size=1","COI","98.072","721","0","BLAST_CLOSE_MATCH","BOLD:ACF4078","Animalia_Arthropoda_Insecta_Lepidoptera_Geometridae_Scopula_Scopula quinquelinearia","ACTTAATAATATAAGATTTTGATTATTACCTCCATCTTTATTATTATTAATTTCAAGAAGAATTGTAGAAAATGGAGCAGGTACTGGATGAACTGTTTACCCCCCTTTATCTTCAAATATTGCTCATAGAGGAAGATCTGTAGATTTAGCAATTTTTTCTTTGCATTTAGCTGGTATCTCATCAATTTTAGGAGCCATTAATTTTATTACTACTATTATTAACATACGATTAAATAATATATTATTTGATCAATTACCTTTATTTGTTTGATCTGTTGGTATTACAGCATTTTTACTTTTATTATCTTTACCTGTATTAGCTGGAGCTATTACAATATTATTAACTGATCGAAATTTAAATACTTCATTTTTTGATCCAGCAGGAGGAGGAGATCCAATTTTATATCAACACTTATTT"
"R7422_2;size=1","COI","99.043","750","0","BLAST_EXACT_MATCH","BOLD:AAZ3967","Animalia_Arthropoda_Insecta_Diptera","AATAAATAATATAATCTTTTGATTATTACCTCCAGCTTTAACACTATTATTAATCAGTAGTATGGTAGAAAATGGATCTGGAACAGGATGAACTGTATACCCTCCATTATCTTCTAATATTGCTCATATAGGATCTTCTGTAGATTTATCAATTTTTTCTCTTCATTTAGCAGGAATCTCTTCTATTATAGGAGCAATTAATTTTATTACAACTGTTATTAATATACGATCAACAGGAATTACATTTGATCGAATACCTCTATTTGTATGATCTGTAACTATTACAGCTTTATTACTCCTTTTATCCCTTCCTGTATTAGCTGGAGCTATTACCATATTACTTACAGATCGAAATTTTAATACCTCATTTTTTGACCCAGCAGGAGGAGGAGATCCAATTTTATACCAACATTTATTT"
"R7423_2;size=1","COI","92.84","606","3.02e-172","BLAST_CLOSE_MATCH","BOLD:ACC2962","Animalia_Arthropoda_Insecta_Diptera_Anthomyiidae","AATAAATAATATAAGTTTCTGATTATTACCCCCTTCTCTTACCTTATTACTTGCTAGAAGTATAGTAGAAAATGGAGCTGGAACAGGATGAACTGTTTACCCTCCCCTATCATCTAATATTGCACATGGTGGAGCTTCTGTTGATTTAGCTATTTTTTCTCTTCATTTAGCTGGAATTTCTTCTATTTTAGGAGCTGTAAATTTTATTACAACAGTAATTAATATACGATCAACAGGAATTACATTTGATCGAATACCTTTATTTGTTTGAGCTGTTGTTATTACTGCTATTCTTCTTTTATTATCTTTACCTGTTTTAGCTGGAGCTATTACAATATTATTAACAGATCGAAATTTAAATACCTCATTCTTTGACCCAGCAGGGGGAGGAGATCCAATTTTATACCAACATTTATTT"
"R7427_2;size=1","COI","96.172","684","0","BLAST_CLOSE_MATCH","BOLD:AAA4662","Animalia_Arthropoda_Insecta_Lepidoptera_Gelechiidae_Chionodes","AATAAATAATATAAGATTTTGATTACTTCCTCCCTCTATTACTTTATTAATTTCTAGAAGAATTGTAGAAAATGGAGCAGGAACAGGATGAACTGTTTATCCTCCTTTATCCTCTAATATTGCTCATGGGGGAAGATCTGTAGATTTAGCAATTTTTTCTTTGCATTTAGCTGGAATTTCTTCAATTTTAGGGGCAATTAATTTTATTACTACAATTATTAATATGCGAATTAATGGATTATCTTTTGATCAAATACCTTTATTTGTTTGAGCAGTTGGTATTACTGCTTTATTATTATTACTTTCTTTACCTGTTTTAGCTGGAGCTATTACTATATTATTAACAGATCGTAATTTAAATACGTCATTTTTTGATCCTGCTGGAGGAGGAGATCCAATTTTATATCAACATTTATTT"
"R7428_2;size=1","COI","99.282","756","0","BLAST_EXACT_MATCH","BOLD:ACI3443","Animalia_Arthropoda_Insecta_Diptera_Muscidae_Phaonia","ATTAAATAATATGAGCTTTTGACTTTTACCTCCTGCTTTAATCTTATTACTAACTAGTAGTATAGTGGAAAACGGAACTGGAACTGGATGAACTGTTTAACCACCTTTATCATCAAATGTAGCTCATAGAGGAGCTTCTATTGATTTAGCAATTTTTTCTCTTCATCTAGCAGGTATTTCTTCTATTTTAGGAGCAGTTAATTTTATTACAACTGTAATTAATATACGATCAACAGGTATTACATTCGATCGTATACCTTTATTTGTATGATCTGTAGTAATTACAGCTTTGTTATTACTTTTATCTTTACCTGTATTAGCTGGAGCTATTACTATATTATTAACAGATCGAAATTTAAATACATCATTCTTTGATCCAGCAGGAGGAGGAGATCCAGTATTATACCAACATCTTTTT"
"R7431_2;size=1","COI","99.282","756","0","BLAST_EXACT_MATCH","BOLD:AAD3758","Animalia_Arthropoda_Insecta_Lepidoptera_Blastobasidae_Pigritia_Pigritia fidella","AATAAATAATATAAGTTTTTGACTTCTACCCCCTTCACTAACCTTACTACTTTCTAGTAGAATTGTAGAAAATGGAGCAGGAACAGGATGAACAGTTTACCCCCCACTTTCATCTAATATTGCTCATGGAGGAAGATCTGTTGATTTAGCTATTTTCTCCTTACATCTAGCAGGAATTTCTTCAATTTTAGGAGCTATTAATTTTATTACCACTATTATTAACATACGACCAAACAATATATCTTTTGATCAAATACCTTTATTTGTTTGATCTGTAGGAATTACTGCTTTATTATTACTTTTATCTTTACCCGTTTTAGCTGGAGCTATTACTATATTATTAACAGATCGTAATTTAAATACATCTTTTTTTGACCCCGCAGGGGGTGGAGACCCAATTTTATACCAACATTTATTT"
"R7432_2;size=1","COI","96.882","699","0","BLAST_CLOSE_MATCH","BOLD:AAB1142","Animalia_Arthropoda_Insecta_Diptera_Tabanidae_Chrysops_Chrysops furcatus","AATAAATAATATAAGTTTTTGATTACTTCCTCCTTCATTAACCCTTCTATTAGTTAGAAGTATAGTTGAAAATGGAGCTGGAACTGGATGAACTGTATACCCACGATTATCTGCAGCTATTGCTCATGGAGGAGGTTCAGTAGATTTAGCAATTTTTTCTTTACACTTAGCTGGAATTTCTTCAATTTTAGGAGCTGTAAATTTTATTACTACAGTAATTAATATACGATCAACAGGAATTACATTCGATCGAATACCTTTATTTGTTTGAGCTGTTGTAATTACTGCTATTCTTCTTTTATTATCTTTACCTGTTTTAGCTGGAGCTATTACTATATTATTAACAGATCGAAATTTAAATACTTCATTCTTTGACCCAGCAGGAGGAGGAGATCCAATTTTATACCAACATTTATTT"
"R7521_34;size=1","COI","98.086","728","0","BLAST_CLOSE_MATCH","BOLD:ACD0175","Animalia_Arthropoda_Insecta_Diptera_Sciaridae_Bradysia_Bradysia browni","TTTAAATAATATAAGATTCTGATTATTGCCCCCATCACTAACTTTATTATTAACTAGTAGATTAGTCGAAGTAGGAACAGGAACTGGGTGAACAGTTTACCCCCCTTTATATTCTACAATTTCACATTCAGGGGCCTCAGTTGACCTATCAATTTTTTCCCTACATTTAGCAGGAATTTCATCAATCCTAGGGGCTGTAAATTTTATCTCAACAATTATTAATATGCGAACACCAGGGATAACTTTTGATAAAATACCCCTATTTGTATGATCAGTTTTAATTACAGCTATTTTATTATTACTTTCATTACCTGTATTAGCGGGAGCAATTACAATACTATTAACAGACCGAAATTTAAATACTTCATTTTTTGACCCTGCCGGAGGGGGGGATCCTATTTTATATCAACACTTATTT"
"R7644_24;size=1","COI","98.804","745","0","BLAST_CLOSE_MATCH","BOLD:ACI3443","Animalia_Arthropoda_Insecta_Diptera_Muscidae_Phaonia","ATTAAATAATATGAGCTTTTGACTTTTACCTCCTGCTTTAATCTTATTACTAACTAGTAGTATAGTAGAAAACGGAGCTGGAACTGGATGAACTGTTTATCCACCTTTATCATCAAATGTAGCTCATAGAGGAGCTTCTGTTGATTTAGCAATTTTTTCTCTTCATCTAGCAGGTATTTCTTCTATTTTAGGAGCAGTTAATTTTATTACAACTGTAATTAATATACGATCAACAGGTATTACATTTGATCGTATACCTTTATTTGTATGATCTGTAGTAATTACAGCTTTGTTATTACTTTTATCTTTACCTGTATTAGCTGGAGCTATTACTATATTATTAACAGATCGAAATTTAAATACATCATTCTTTGATCCGGCGGGAGGAGGAGATCCAGTATTATACCAACATCTTTTT"
"R773_289;size=1","COI","96.89","701","0","BLAST_CLOSE_MATCH","BOLD:ACI7545","Animalia_Arthropoda_Insecta_Diptera_Tachinidae_Billaea_Billaea trivittata","AATAAATAATATAAGTTTCTGATTATTACCTCCAGCTTTAACATTATTGCTTATCAGTAGTATAGTAGAAAATGGAGCTGGAACTGGATGAACTGTATATCCTCCATTATCTTCTAATATTGCTCATATAGGATCTTCTGTAGATTTAGCAATTTTTTCTCTTCATTTAGCTGGAATTTCTTCCATTATAGGAGCTGTTAATTTTATTACTACAGTTATTAATATACGATCAATAGGAATTACATACGATCGAATACCTTTATTTGTTTGATCTGTAGTCATTACAGCTTTATTACTTCTTTTATCCCTCCCTGTATTAGCTGGTGCTATTACAATACTATTAACAGATCGAAATTTCAATACCTCATTTTTTGATCCAGCAGGAGGAGGAGACCCAATTTTATACCAACATTTATTT"
"R7771_15;size=1","COI","97.368","712","0","BLAST_CLOSE_MATCH","BOLD:ACX1094","Animalia_Arthropoda_Insecta_Diptera_Rhagionidae","AATAAATAACATAAGATTTTGACTACTACCCCCGTCATTGACCCTACTACTTTCTAGTAGTATAGTTGAAAATGGAGCAGGGACTGGATGAACTGTTTACCCACCTCTTTCAGCATCTATTGCGCATGGAGGGGCTTCAGTTGATCTTGCTATTTTCTCACTTCATTTGGCTGGAATTTCTTCAATTTTAGGAGCAGTTAATTTTATTACAACTGTAATTAATATACGATCAACAGGAATTACCTTTGATCGTATACCTTTATTTGTGTGAGCTGTTGTAATTACTGCTATTTTATTGTTACTTTCATTACCTGTATTAGCTGGAGCTATTACTATACTATTAACTGATCGAAATTTAAATACATCTTTTTTTGACCCCGCTGGAGGGGGTGACCCAATTCTATATCAACATTTATTT"
"R7795_15;size=1","COI","99.522","761","0","BLAST_EXACT_MATCH","BOLD:ABZ0149","Animalia_Arthropoda_Insecta_Neuroptera_Hemerobiidae_Hemerobius_Hemerobius discretus","TATGAATAATATAAGTTTTTGAATATTACCTCCTTCTTTAATATTACTTTTAGCTTCAAGTATAGTAGAAAACGGGGCTGGAACTGGATGAACAGTTTATCCTCCCTTATCTGCTAATATTGCTCATGCAGGAGCGTCAGTTGACTTAGCTATTTTCAGATTACATTTAGCAGGAGTATCTTCTATTTTAGGAGCAGTAAATTTTATTACTACTGTTATTAATATACGATTAAATTATATAACTTTAGATCGAATACCTTTATTTGTATGATCTGTAGTTATTACAGCATTATTATTATTACTATCTCTTCCAGTATTAGCAGGAGCTATTACTATACTATTAACAGATCGTAATCTAAATACATCTTTCTTCGACCCAGCAGGAGGAGGAGATCCTATTTTATACCAACATTTATTC"
"R7799_15;size=1","COI","94.258","640","0","BLAST_CLOSE_MATCH","BOLD:ACX1094","Animalia_Arthropoda_Insecta_Diptera_Rhagionidae","AATAAATAACATAAGATTTTGACTACTACCCCCGTCATTGACCCTACTACTTTCTAGTAGTATAGTTGAAAATGGAGCAGGGACTGGATGAACTGTTTACCCACCCCTTTCAGCATCTATTGCGCATGGAGGAGCTTCAGTTGATCTTGCTATTTTCTCACTTCATTTAGCCGGGATTTCTTCAATTTTAGGGGCAGTTAATTTCATTACAACTGTAATCAATATGCGATCAACAGGAATTACTTTTGATCGCATACCTTTATTTGTATGAGCTGTTGTAATTACTGCTATTTTATTACTACTTTCATTACCTGTATTAGCTGGGGCTATTACTATACTATTAACTGATCGAAATTTAAATACATCTTTTTTTGACCCAGCTGGAGGGGGTGACCCAATTCTCTATCAACATTTATTT"
"R779_132;size=1","COI","98.804","745","0","BLAST_CLOSE_MATCH","BOLD:AAD2838","Animalia_Arthropoda_Insecta_Lepidoptera_Crambidae_Eudonia_Eudonia echo","AATAAATAATATAAGATTTTGATTATTACCCCCATCATTAACTTTATTAATTTCTAGAAGAATTGTAGAAAATGGAGCAGGAACAGGATGAACAGTTTATCCCCCACTTTCATCTAATATTGCTCACGGAGGAGGATCTGTAGATTTAGCAATTTTTTCATTACATTTAGCAGGAATTTCTTCAATTTTAGGAGCAATTAATTTTATTACAACAATTATTAATATACGAATTAATAATTTATCTTTTGATCAAATACCTTTATTTGTTTGAGCTGTAGGTATTACAGCATTATTACTTTTATTATCTTTACCTGTTTTAGCGGGAGCTATTACTATATTATTAACAGATCGAAATTTAAATACATCTTTTTTTGACCCAGCTGGGGGAGGAGATCCTATTTTATACCAACATTTATTT"
"R7803_15;size=1","COI","94.976","656","0","BLAST_CLOSE_MATCH","BOLD:ACB9264","Animalia_Arthropoda_Insecta_Diptera_Cecidomyiidae","AATAAATAATATAAGATTCTGAATATTACCTCCTTCTTTATCATTATTATTAATTAGAAGAATAGTAGAAACTGGAACTGGAACTGGATGAACAGTCTATCCACCATTATCATCAGTAATTGCCCATACAGGATCAGCTGTAGATTTTTCTATTTTTTCTTTACATATTGCAGGAATTTCATCAATTTTAGGGGCTATTAATTTTATTTCAACAATAATTAATATAAAAATTAAATTTTTAAAATTTAATCAAATTTCTTTATTTGTTTGATCTATTTTAATTACAACAATTTTATTACTTCTATCATTACCAGTTTTAGCTGGAGCTATTACTATATTATTAACTGATCGTAATTTAAATACTTCATTTTTTGACCCTATAGGAGGAGGAGACCCTGTTCTTTACCAACATTTATTT"
"R7811_15;size=1","COI","99.282","756","0","BLAST_EXACT_MATCH","BOLD:AAV1806","Animalia_Arthropoda_Insecta_Diptera_Limoniidae","AATAAATAATATAAGATTTTGAATGCTTCCCCCTTCTTTAACATTATTATTGTCAAGAAGTCTAGTTGAAAATGGAGCTGGTACTGGTTGAACAGTTTACCCCCCTCTTTCAGCTGAAATTGCACATGCCGGAGCTTCATTTGACTTAGCAATTTTTTCTCTACATTTAGCTGGGATTTCTTCTATTTTAGGGGCTGTAAATTTTATTACTACAGTAATTAATATACGATCAACAGGAATTTCATTTGATCGAATACCTTTATTTGTTTGATCAGTTGTTATTACAGCAATTCTTTTACTTTTATCTTTACCAGTTCTTGCAGGAGCTATTACAATATTATTAACAGATCGAAATCTTAATACTTCTTTTTTTGACCCTGCAGGAGGAGGAGACCCTATTTTATACCAACATTTATTT"
"R782_286;size=1","COI",,,,"BLAST_NO_MATCH",,,"TATGAATAATTTAAGTTTTTGGTTGTTAGTGTCATCTTTTATTTTGCTCATTCTCTCAGTGTTTATTGGTGAAGGTCCAGGTACAGGTTGGACTTTATATCCACCTTTATCACAGGTAATGTCCCATCCAAGTGCAGGAGTTGACCTTGCTATACTTGCACTCCACGTTGCTGGTATGTCGTCAATTGTTGGGGCGATCAACTTTATAGTTACTATATTTAACATGCGCACAAAAGGAATGTCATTAACTAAGATGCCACTGTTTGTTTGGTCTGTTTTGCTAACAGCATTTATGTTGATTGTTGCCTTACCAGTGCTTGCCGGTGCTATAACTATGCTTCTTACTGATCGCAATGTTGGTACTTCCTTTTTTGATCCTGCAGGTGGTGGTGACCCTGTGTTATTTCAACATTTATTT"
"R786_288;size=1","COI","98.804","745","0","BLAST_CLOSE_MATCH","BOLD:AAP7670","Animalia_Arthropoda_Insecta_Diptera_Tabanidae_Chrysops","AATAAATAATATAAGTTTTTGATTACTTCCACCTTCATTAACCCTTCTATTAGTTAGAAGTATAGTCGAAAACGGAGCTGGAACTGGATGAACTGTATACCCACCATTATCCGCAGCTATTGCCCATGGAGGAGGATCAGTAGATTTAGCAATTTTTTCTCTACACTTAGCTGGAATTTCATCAATTTTAGGAGCTGTAAATTTTATTACAACAGTAATTAATATACGATCAACAGGAATTACATTTGATCGAATACCTTTATTTGTTTGAGCTGTTGTTATTACTGCTATTCTTCTTTTATTATCTTTACCTGTTTTAGCTGGAGCTATTACAATATTATTAACAGATCGAAATTTAAATACCTCATTCTTTGACCCAGCAGGGGGAGGAGATCCAATTTTATACCAACATTTATTT"
"R7901_23;size=1","COI","99.522","761","0","BLAST_EXACT_MATCH","BOLD:AAG5563","Animalia_Arthropoda_Insecta_Coleoptera_Cerambycidae_Leptura_Leptura obliterata","AATAAATAATATAAGAGTCTGATTATTACCGCCTTCACTTACTCTTTTAATTATAAGAAGAGTGGTAGAAAGAGGAGCAGGAACAGGATGAACAGTTTATCCTCCCCTATCTTCAAATATTGCTCATAGAGGTTCTTCTGTAGATTTAGCTATTTTTAGACTTCATTTAGCCGGGATTTCCTCAATTTTAGGAGCAGTAAATTTTATTACTACCGTTATTAATATACGACCAGCAGGAATAAACCTAGATCGTATACCTCTCTTTGTTTGAGCTGTTGTTATTACTGCAGTTCTTTTACTACTTTCTCTTCCTGTGTTAGCAGGAGCAATCACCATATTATTAACAGATCGAAATTTAAATACTTCCTTTTTTGACCCAGCAGGAGGAGGAGATCCAATTTTATACCAACATTTATTT"
"R7901_34;size=1","COI","94.66","640","0","BLAST_CLOSE_MATCH","BOLD:ACI3443","Animalia_Arthropoda_Insecta_Diptera_Muscidae_Phaonia","ATTAAATAATATGAGCTTTTGACTTATACCTCCTGCTATAATCTTATTACTAACTAGTAGTATAGTGGAAAACGGAGCTGGAACTGGATGAACTGTTTACCCACCTTTATCATCAAATGTAGCTCATAGAGGAGCTTCTGTTGATTTAGCAATTTTTTCTCTTCATCTAGCAGGTATTTCTTCTATTTTAGGAGCAGTTAATTTTATTACAACTGTAATTAATATACGATCAACAGGTCTTACATTTGTTCGAATACCTGTATTTGTTTGATCTGTAATAATTACAGCTTTATTATTACTTTTATCTTTACCTGTTTTAGCTGGAGCTATTACTATACTATTAACAGATCGAAATTTAAATACTTCATTTTTTGATCCTGCTGGAGGAGGTGACCCAATTCTATATCAACATTTATTT"
"R7905_23;size=1","COI","94.175","628","6.45e-179","BLAST_CLOSE_MATCH","BOLD:ACI3443","Animalia_Arthropoda_Insecta_Diptera_Muscidae_Phaonia","ATTAAATAATATGAGCTTTTGACTTATACCTCCTGCTATAATCTTATTACTAACTAGTAGTATAGTGGAAAACGGAGCTGGAACTGGATGAACTGTTTACCCACCTTTATCATCAAATGTAGCTCATAGAGGAGCTTCTGTTGATTTAGCAATTTTTTCTCTTCATTTAGCAGGAATTTCTTCTATTTTAGGAGCAGTTAATTTTATTACAACTGTAATTAATATACGATCAACAGGTCTTACATTTGTTCGAATACCTGTATTTGTTTGATCTGTAATAATTACAGCTTTATTATTACTTTTATCTTTACCTGTTTTAGCTGGAGCTATTACTATACTATTAACAGATCGAAATTTAAATACTTCATTTTTTGATCCTGCTGGAGGAGGTGACCCAATTCTATATCAACATTTATTT"
"R7909_23;size=1","COI","99.761","767","0","BLAST_EXACT_MATCH","BOLD:ABZ2954","Animalia_Arthropoda_Insecta_Lepidoptera_Geometridae_Neoalcis_Neoalcis californiaria","AATAAATAATATAAGATTTTGATTATTACCACCATCTCTCACATTATTAATTTCTAGAAGAATTGTAGAAAATGGGGCTGGAACTGGTTGAACAGTGTACCCACCTTTATCTTCTAATATTGCTCACGGGGGACGTTCAGTAGATTTAGCAATTTTTTCATTACATTTAGCTGGTATTTCATCAATTTTAGGTGCTATTAATTTTATTACAACAATTATTAATATACGATTAAATAATTTATCATTTGATCAAATACCCCTATTTGTTTGATCAGTTGGGATTACAGCATTTTTACTACTCTTATCATTACCAGTATTAGCAGGAGCTATTACAATATTATTAACTGATCGAAATTTAAATACCTCATTCTTTGACCCCGCTGGGGGAGGTGACCCAATTCTTTACCAACATTTATTT"
"R7942_30;size=1","COI","89.1","518","1.46e-145","BLAST_WEAK_MATCH","BOLD:AAD0073","Animalia_Arthropoda_Insecta_Coleoptera_Cerambycidae_Xestoleptura_Xestoleptura crassipes","AATGAATAATATAAGATTTTGATTACTACCACCTTCACTAACTTTACTCATCATAAGAAGAATTGTAGAAAATGGAGCTGGAACAGGATGAACTGTTTACCCGCCTCTTTCATCTAATATTGCTCATGGAGGACCTTCAGTTGATTTAGCAATTTTTAGGCTTCATTTAGCTGGTATTTCATCAATTTTAGGAGCTGTAAATTTTATTACTACAGTTATTAATATACGATCTAGAGGAATTACTCTAGACCGAATACCTTTATTTGTTTGATCTGTAGTAATTACTGCTGTTCTTCTTTTACTTTCTCTCCCTGTTTTAGCAGGAGCAATTACAATACTATTAACTGATCGTAATCTAAACACTTCTTTTTTTGACCCAGCAGGGGGGGGTGATCCAATTCTTTATCAGCACTTATTT"
"R8017_30;size=1","COI","98.086","728","0","BLAST_CLOSE_MATCH","BOLD:AAD0073","Animalia_Arthropoda_Insecta_Coleoptera_Cerambycidae_Xestoleptura_Xestoleptura crassipes","AATGAATAATATAAGATTTTGATTACTACCACCTTCACTAACTTTACTCATCATAAGAAGAATTGTAGAAAATGGAGCTGGAACAGGATGAACTGTTTACCCGCCTCTTTCATCTAATATTGCTCATGGAGGACCTTCAGTTGATTTAGCAATTTTTAGGCTTCATTTAGCTGGTATTTCATCAATTTTAGGAGCTGTAAATTTTATTACTACAGTAATTAATATACGACCTGTTGGTATAAATCCTGATCAAATACCTTTATTTGTATGAGCAGTTGTAATTACTGCAGTACTTTTACTTTTATCTTTACCTGTATTAGCGGGAGCAATTACAATACTTTTAACTGATCGAAATCTTAATACATCTTTTTTTGACCCGGCTGGAGGTGGTGATCCTATCTTATATCAACACTTATTT"
"R8018_30;size=1","COI","99.76","763","0","BLAST_EXACT_MATCH","BOLD:AAD0073","Animalia_Arthropoda_Insecta_Coleoptera_Cerambycidae_Xestoleptura_Xestoleptura crassipes","ACTGAATAATATAAGATTTTGATTACTGCCACCTTCACTTACTTTACTTATCATAAGAAGAATTGTAGAAAATGGAGCCGGAACAGGATGAACTGTTTACCCACCTCTTTCATCTAATATTGCTCATGGAGGACCTTCAGTTGATTTAGCAATTTTTAGACTTCATTTAGCTGGTATTTCATCAATTTTAGGAGCTGTAAATTTTATTACTACAGTAATTAATATACGACCTGTTGGTATAAATCCTGACCAAATACCTTTATTTGTATGAGCAGTTGTAATTACTGCAGTACTTTTACTTTTATCTTTACCTGTATTAGCGGGAGCAATTACAATACTTTTAACTGATCGAAATCTTAATACATCTTTTTTTGACCCGGCTGGAGGTGGTGATCCTATCTTATATCAACACTTATTT"
"R8040_7;size=1","COI","96.651","695","0","BLAST_CLOSE_MATCH","BOLD:AAG2718","Animalia_Arthropoda_Insecta_Orthoptera_Rhaphidophoridae_Pristoceuthophilus_Pristoceuthophilus cercalis","AATAAACAATATAAGATTCTGGTTACTCCCCCCTTCTCTAACCCTTTTATTGGCAAGTAGCCTAGTTGAAAATGGAACTGGGACAGGTTGAACTGTATACCCTCCTCTATCAGCTGGAATTGCTCATGCTGGGGCATCCGTAGACTTAGCTATCTTCTCCTTACACTTAGCAGGAATTTCCTCAATTTTAGGAGCTGTAAACTTTATCACTACAACTATCAATATGCGATCTCCAGGAATAAATTTTGACCAAATACCCTTATTTGTCTGATCTGTAGCTATTACCGCCTTACTCTTGCTCCTTTCATTGCCTGTCTTAGCAGGAGCAATCACTATACTTTTAACTGACCGTAATCTAAATACCTCTTTTTTTGATCCTGCTGGTGGAGGTGATCCAATTCTCTATCAACATTTATTT"
"R810_286;size=1","COI","98.804","745","0","BLAST_CLOSE_MATCH","BOLD:AAP7041","Animalia_Arthropoda_Insecta_Coleoptera_Scraptiidae_Anaspis_Anaspis rufa","AATAAATAATATAAGATTTTGATTACTCCCCCCCTCCCTAACTCTTTTAATTATAAGAAGAGTTGTAGAAAATGGGGCAGGAACCGGATGAACAGTTTATCCACCCCTGGCGGCAAATATTGCTCACAGAGGATCTTCTGTGGATCTCGCAATTTTTAGACTTCATCTTGCGGGAGTTTCTTCAATTCTTGGAGCAGTAAACTTTATTACTACAGTAATTAATATACGACCACAAGGAATAACTCTTGACCGAATACCATTATTTGTTTGAGCCGTAGTAATTACAGCAATTTTACTTTTATTATCCCTTCCGGTATTAGCAGGAGCCATTACCATACTTTTAACAGATCGAAATTTAAATACTTCATTTTTTGACCCTGCAGGGGGAGGAGACCCAATTCTTTACCAACATTTATTT"
"R811_286;size=1","COI",,,,"BLAST_NO_MATCH",,,"TATGAATAATTTAAGTTTTTGGTTGTTAGTGTCATCTTTTATTTTGCTCATTCTCTCAGTGTTTATTGGTGAAGGTCCAGGTACAGGTTGGACTTTATATCCACCTTTATCACAGGTAATGTCCCATCCAAGTGCAGGAGTTGACCTTGCTATACTTGCACTCCACGTTGCTGGTATGTCGTCAATTGTTGGGGCGATCAACTTTATAGTTACTATATTTAACATGCGCACAAAAGGAATGTCATTAACTAAGATGCCACTGTTTGTTTGGTCTGTCTTGCTAACAGCATTTATGTTGATTGTTGCCTTACCAGTGCTTGCCGGTGCTATAACTATGCTTCTTACTGATCGCAATATTGGTACTTCCTTTTTTGATCCTGCCGGTGGCGGCGATCCTGTGTTATTTCAACATCTATTT"
"R815_286;size=1","COI",,,,"BLAST_NO_MATCH",,,"TATGAATAATTTAAGTTTTTGGTTATTAGTGTCATCTTTTATTTTGCTCATTCTCTCAGTGTTTATTGGTGAAGGTCCAGGTACAGGTTGGACTTTATATCCACCTTTATCACAGGTAATGTCCCATCCAAGTGCAGGAGTTGACCTTGCTATACTTGCACTCCACGTTGCTGGTATGTCGTCAATTGTTGGGGCGATCAACTTTATAGTTACTATATTTAACATGCGCACAAAAGGAATGTCATTAACTAAGATGCCACTGTTTGTTTGGTCTGTTTTGCTAACAGCATTTATGTTGATTGTTGCCTTACCAGTGCTTGCCGGTGCTATAACTATGCTTCTTACTGATCGCAATGTTGGTACTTCCTTTTTTGATCCTGCAGGTGGTGGTGACCCTGTGTTATTTCAACATTTATTT"
"R816_286;size=1","COI",,,,"BLAST_NO_MATCH",,,"TATGAATAATTTAAGTTTTTGGTTATTAGTGTCATCTTTTATTTTGCTCATTCTCTCAGTGTTTATTGGTGAAGGTCCAGGTACAGGTTGGACTTTATATCCACCTTTATCACAGGTAATGTCCCATCCAAGTGCAGGAGTTGACCTTGCTATACTTGCACTCCACGTTGCTGGTATGTCGTCAATTGTTGGGGCGATCAACTTTATAGTTACTATATTTAACATGCGCACAAAAGGAATGTCATTAACTAAGATGCCACTGTTTGTTTGGTCTGTCTTGCTAACAGCATTTATGTTGATTGTTGCCTTACCAGTGCTTGCCGGTGCTATAACTATGCTTCTTACTGATCGCAATATTGGTACTTCCTTTTTTGATCCTGCCGGTGGCGGCGATCCTGTGTTATTTCAACATCTATTT"
"R817_286;size=1","COI","99.043","750","0","BLAST_EXACT_MATCH","BOLD:ACY3832","Animalia_Arthropoda_Insecta_Diptera_Rhagionidae_Symphoromyia","AATAAATAATATAATTTTTTGATTATTACCACCATCTTTAACTTTATTATTAGCAAGAAGTATAGTAGAAAATGGAGCAGGAACTGGGTGAACAGTCTATCCCCCCCTATCTGCTAGAATTGCCCATGCTGGCGCTTCAGTAGATTTAGCAATTTTTTCTCTACATTTAGCAGGAATTTCTTCTATTTTAGGAGCAGTAAATTTTATTACAACAGTAATTAATATACGATCAACAGGTATTTCATTTGATCGAATACCTTTATTCGTATGAGCTGTTGTAATTACAGCTATTCTTTTATTGTTATCTTTGCCTGTATTAGCAGGAGCTATTACAATACTATTAACAGATCGAAATTTAAATACTTCATTCTTTGATCCGGCAGGAGGAGGAGACCCTATTTTATATCAACATTTATTT"
"R819_286;size=1","COI","97.129","706","0","BLAST_CLOSE_MATCH","BOLD:AAA3062","Animalia_Arthropoda_Insecta_Orthoptera_Acrididae_Melanoplus","AATAAATAATATAAGTTTTTGACTTTTACCACCTTCATTAACCCTTTTACTTGCATCTTCTATAGTAGATAACGGAGCTGGGACAGGATGAACAGTTTACCCCCCACTTGCTGGAGCAATTGCTCATGGAGGAGCATCGGTTGATTTAGCTATTTTTTCTCTTCATTTAGCTGGTGTATCATCAATCTTAGGAGCAGTTAATTTTATTACAACAGCAATTAATATACGATCAGAAAGAATAACACTAGATCAAACACCATTATTTGTTTGATCAGTAGCTATTACAGCACTTCTTTTATTATTATCACTTCCTGTACTAGCAGGAGCTATTACAATATTGTTAACTGATCGAAACTTAAATACATCATTTTTTGACCCTGCAGGAGGGGGTGACCCAATTCTATACCAACACTTATTT"
"R820_286;size=1","COI","99.043","750","0","BLAST_EXACT_MATCH","BOLD:AAP7041","Animalia_Arthropoda_Insecta_Coleoptera_Scraptiidae_Anaspis_Anaspis rufa","AATAAATAATATAAGATTTTGATTACTCCCCCCCTCCCTAACTCTTTTAATTATAAGAAGAGTTGTAGAAAATGGAGCAGGAACCGGATGAACAGTTTATCCACCCCTGGCGGCAAATATTGCTCACAGAGGATCTTCTGTAGATCTCGCAATTTTTAGACTTCATCTTGCAGGAGTTTCTTCAATTCTTGGAGCAGTAAACTTTATTACTACAGTAATTAATATACGACCACAAGGAATAACTCTTGACCGAATACCATTATTTGTTTGAGCCGTAGTAATTACAGCAATTTTACTTTTATTATCCCTTCCGGTATTAGCAGGAGCCATTACCATACTTTTAACAGATCGAAATTTAAATACTTCATTTTTTGACCCTGCAGGGGGAGGAGACCCAATTCTTTACCAACATTTATTT"
"R826_148;size=1","COI","98.325","734","0","BLAST_CLOSE_MATCH","BOLD:ACI2698","Animalia_Arthropoda_Entognatha_Collembola_Entomobryidae","AATAAATAATATAAGATTTTGACTTCTTCCCCCATCTCTAACCCTTCTATTAGCTGGAGGATTAGTAGAAAGCGGAGCAGGCACGGGTTGAACAGTCTACCCCCCATTAGCTTCAGGAATCGCCCATGCAGGGGCCTCTGTAGATCTATCTATTTTTAGTCTACATTTAGCAGGAGCTTCTTCTATTTTAGGTGCAGTAAATTTTATTACCACAATTATTAATATACGAGCTCCTGGTATATCTTGAGATCAAACCCCTTTATTTGTTTGATCAGTTTTTTTAACAGCAATTTTACTTCTTCTATCTTTACCAGTTCTAGCTGGAGCTATCACTATGCTTTTAACAGATCGTAACTTAAATACATCTTTTTTTGACCCTGCTGGAGGGGGAGACCCTATTCTCTACCAACATCTATTC"
"R8271_13;size=1","COI","98.804","745","0","BLAST_CLOSE_MATCH","BOLD:ACD1300","Animalia_Arthropoda_Insecta_Diptera_Sciaridae_Bradysia_Bradysia browni","TTTAAATAATATAAGATTCTGATTATTGCCCCCATCATTAACTTTATTATTAACTAGTAGATTAGTCGAAATAGGAACAGGAACTGGGTGAACAGTTTACCCCCCTTTATCTTCTACAATTTCACATTCGGGGGCCTCAGTTGACCTATCAATTTTTTCCCTACATTTAGCAGGAATTTCATCAATCCTAGGGGCTGTAAATTTTATCTCAACAATTATTAATATGCGAACACCAGGGATAACTTTTGATAAAATACCCCTATTTGTATGATCAGTTTTAATTACAGCTATTTTATTATTACTTTCATTACCTGTATTAGCGGGAGCAATTACAATATTATTAACAGACCGAAATTTAAATACTTCATTTTTTGACCCTGCCGGAGGAGGGGATCCTATTTTATATCAACACTTATTT"
"R8272_12;size=1","COI","99.043","750","0","BLAST_EXACT_MATCH","BOLD:AAG2718","Animalia_Arthropoda_Insecta_Orthoptera_Rhaphidophoridae_Pristoceuthophilus_Pristoceuthophilus cercalis","AATAAACAATATAAGATTCTGATTACTTCCCCCTTCTCTAACCCTTTTATTGGCAAGTAGCCTAGTTGAAAATGGAGCTGGGACAGGTTGAACTGTATACCCTCCTCTATCAGCTGGAATTGCTCATGCTGGAGCATCTGTAGACTTAGCTATCTTTTCCTTACACTTAGCAGGAATTTCTTCAATTTTAGGAGCTGTAAACTTTATTACTACAACCATCAATATACGATCTCCAGGAATAAATTTTGACCAAATACCCTTATTTGTCTGATCTGTAGCTATTACCGCCTTACTCTTACTCCTTTCATTACCTGTATTAGCAGGAGCAATCACTATACTTTTAACTGACCGTAATCTAAATACCTCTTTTTTTGATCCTGCTGGTGGGGGTGATCCAATTCTCTATCAACATTTATTT"
"R8285_12;size=1","COI","99.522","761","0","BLAST_EXACT_MATCH","BOLD:ACA6997","Animalia_Arthropoda_Insecta_Raphidioptera_Raphidiidae_Agulla","ACTTAATAATATAAGATTCTGATTATTACCCCCCTCTCTTATACTTCTTCTTAGAGGAAGCCTCAGAGAAAGAGGGGCCGGAACTAGATGAACAGTATACCCCCCTCTTTCAGCAAATATTGCCCATGCTGGAGCTTCAGTCGATTTAACTATTTTTAGTTTACATTTAGCAGGTGTTTCATCTATTTTAGGAGCCATTAATTTTATTACAACTACCTTAAATATACGATCAAATAGACTTACATTAGAACGAATACCTTTATTTGTATGATCCGTGATAATTACTGCTATTCTTTTACTTTTATCATTACCAGTTTTAGCTGGTGCTATTACTATACTTTTAACAGATCGAAATTTAAATACTTCATTTTTTGATCCTGCTGGGGGAGGAGATCCTATTTTATACCAACATTTATTT"
"R8285_7;size=1","COI","99.282","756","0","BLAST_EXACT_MATCH","BOLD:ACA6997","Animalia_Arthropoda_Insecta_Raphidioptera_Raphidiidae_Agulla","ACTTAATAATATAAGATTCTGATTATTACCCCCCTCTCTTATACTTCTTCTTAGAGGAAGCCTCAGAGAAAGAGGGGCCGGAACTAGATGAACAGTATACCCCCCTCTTTCAGCAAATATTGCCCATGCTGGAGCTTCAGTCGATTTAACTATTTTTAGTTTACATTTAGCAGGTGTTTCATCTATTTTAGGAGCCATTAATTTTATTACAACCACCTTAAATATACGATCAAATAGACTTACATTAGAACGAATACCTTTATTTGTATGATCCGTGATAATTACTGCTATTCTTTTACTTTTATCATTACCAGTTTTAGCTGGTGCTATTACTATACTTTTAACAGATCGAAATTTAAATACTTCATTTTTTGATCCTGCTGGGGGAGGAGATCCTATTTTATACCAACATTTATTT"
"R8315_18;size=1","COI","95.227","662","0","BLAST_CLOSE_MATCH","BOLD:ACV6172","Animalia_Arthropoda_Insecta_Diptera_Cecidomyiidae","AATAAATAATATAAGATTTTGAATATTACCACCTTCTTTATCTTTATTATTAATTAGAAGAATAGTAGAAACTGGAACTGGAACAGGATGAACTGTTTACCCACCTCTTTCTTCAATTATTGCACACACAGGCTCAGCTGTTGATTTCTCAATTTTTTCATTGCATATCGCCGGGATTTCTTCTATTTTAGGAGCAATTAATTTTATTTCTACAATAATTAATATAAAAATTAAATTTTTAAAATTTAATCAAATTTCTTTATTTATCTGATCTATTTTAATTACTACAATTTTACTTCTTCTATCATTGCCTGTATTAGCCGGAGCAATTACTATATTATTAACAGATCGAAATCTAAACACATCATTTTTTGATCCTATAGGAGGGGGGGACCCAATTCTATACCAACACTTATTT"
"R832_148;size=1","COI","98.565","739","0","BLAST_CLOSE_MATCH","BOLD:ACI2698","Animalia_Arthropoda_Entognatha_Collembola_Entomobryidae","AATAAATAATATAAGATTTTGACTTCTTCCCCCCTCTCTAACCCTTCTATTAGCTGGAGGGTTAGTAGAAAGCGGGGCAGGCACTGGTTGAACAGTCTATCCCCCATTAGCCTCAGGAATCGCCCATGCAGGGGCCTCTGTAGATCTATCTATTTTTAGTCTACATTTAGCAGGAGCTTCTTCTATTTTAGGTGCAGTAAATTTTATTACCACAATTATTAATATACGAGCTCCTGGTATATCTTGAGATCAAACCCCTTTATTTGTTTGATCAGTTTTTTTAACAGCAATTTTACTTCTTCTATCTTTACCAGTTCTAGCTGGAGCTATCACTATGCTTTTAACAGATCGTAACTTAAATACATCTTTTTTTGACCCTGCTGGAGGGGGAGACCCTATTCTCTACCAACATCTATTC"
"R8345_16;size=1","COI","91.388","573","3.06e-162","BLAST_CLOSE_MATCH","BOLD:ACM5761","Animalia_Arthropoda_Insecta_Diptera","AATAAATAATATAAGATTTTGAATATTACCACCTTCTTTATCTTTATTATTAATTAGAAGAATAGTAGAAACTGGAACTGGAACAGGATGAACTGTTTATCCCCCCCTATCATCAGTAATTGCCCACACAGGGTCTGCAGTTGATTTTTCCATTTTTTCCCTACACCTTGCGGGTATTTCTTCAATTTTAGGGGCCATTAATTTTATTTCTACAATAATTAATATAAAAATTAAATTTTTAAAATTTAATCAAATTTCTTTATTTATCTGATCTATTTTAATTACTACAATTTTACTTCTTCTATCATTGCCTGTATTAGCCGGAGCAATTACTATATTATTAACAGATCGAAATCTAAACACATCATTTTTTGATCCTATAGGAGGGGGGGACCCAATTCTATACCAACACTTATTT"
"R8350_17;size=1","COI","91.627","579","6.58e-164","BLAST_CLOSE_MATCH","BOLD:ACM5761","Animalia_Arthropoda_Insecta_Diptera","AATAAATAATATAAGATTTTGAATATTACCACCTTCTTTATCTTTATTATTAATTAGAAGAATAGTAGAAACTGGAACTGGAACAGGATGAACTGTTTATCCCCCCCTATCATCAGTAATTGCCCACACAGGGTCTGCAGTTGATTTTTCCATTTTTTCCCTACACATTGCGGGTATTTCTTCAATTTTAGGGGCCATTAATTTTATTTCTACAATAATTAATATAAAAATTAAATTTTTAAAATTTAATCAAATTTCTTTATTTATCTGATCTATTTTAATTACTACAATTTTACTTCTTCTATCATTGCCTGTATTAGCCGGAGCAATTACTATATTATTAACAGATCGAAATCTAAACACATCATTTTTTGATCCTATAGGAGGGGGGGACCCAATTCTATACCAACACTTATTT"
"R835_148;size=1","COI","98.325","739","0","BLAST_CLOSE_MATCH","BOLD:ACI7739","Animalia_Arthropoda_Arachnida_Opiliones_Phalangiidae_Leptobunus_Leptobunus parvulus","TTTAAATAATATAAGATTTTGATTACTTCCCCCCTCATTTCTACTACTCCTTTCTTCTACTATAGTTGAAAATGGGGCAGGAACAGGGTGGACAGTCTATCCCCCTTTATCTAGAAACATTGCTCATACAGGAGCCTCCGTAGATCTTACAATTTTTTCATTACATTTAGCAGGTGTTTCCTCTATTCTAGGAGCTATTAATTTTATTACAACAATTATTAATATACGCACACATGGAATAATTATAGAACGTATACCCTTATTTGTTTGATCTGTAAAAATTACAGCTATCCTTCTTCTTTTATCTCTCCCTGTATTAGCAGGGGCCATTACAATATTATTAACAGACCGAAATTTTAACACATCTTTTTTTGATCCTGCAGGAGGAGGGGATCCTATTTTATATCAACACTTATTT"
"R840_287;size=1","COI","98.561","737","0","BLAST_CLOSE_MATCH","BOLD:AAA6353","Animalia_Arthropoda_Insecta_Lepidoptera_Gelechiidae_Neotelphusa_Neotelphusa praefixa","TATAAATAATATAAGATTTTGACTTTTACCTCCTTCACTAACATTACTAATTTCTAGTAGAATTGTAGAAACCGGAGCAGGTACAGGATGAACAGTTTATCCTCCTTTATCTTCAAATATTGCTCATGGAGGAAGATCAGTTGATTTAGCAATTTTTTCTTTACATTTAGCAGGAATTTCATCAATTTTAGGAGCAATTAATTTTATTACAACTATTATTAATATGAAAATTAATAGATTATCATATGACCAAATACCTTTATTTGTATGAGCAGTAGGAATCACAGCTTTATTATTACTTTTATCTTTACCAGTTTTAGCTGGAGCAATTACTATATTATTAACAGATCGTAATTTAAATACATCATTTTTTGATCCTGCTGGAGGAGGAGATCCTATTCTTTATCAACATTTATTT"
"R8410_16;size=1","COI","94.952","647","0","BLAST_CLOSE_MATCH","BOLD:AAD2838","Animalia_Arthropoda_Insecta_Lepidoptera_Crambidae_Eudonia_Eudonia echo","AATAAAATAAGTTTTTGATTACTACCCCCTCTCTTACTCTTCTTCTAGCTAGCAGTATAGTAGATAATGGAGCAGGAACAGGATGAACAGTTTATCCCCCACTTTCATCTAATATTGCTCACGGAGGAGGATCTGTAGATTTAGCAATTTTTTCATTACATTTAGCAGGAATTTCTTCAATTTTAGGAGCAATTAATTTTATTACAACAATTATTAATATACGAATTAATAATTTATCTTTTGATCAAATACCTTTATTTGTTTGAGCTGTAGGTATTACAGCATTATTACTTTTATTATCTTTACCTGTTTTAGCGGGAGCTATTACTATATTATTAACAGATCGAAATTTAAATACATCTTTTTTTGACCCAGCTGGGGGAGGAGACCCTATTTTATACCAACATTTATTT"
"R8424_16;size=1","COI","99.043","750","0","BLAST_EXACT_MATCH","BOLD:AAG2718","Animalia_Arthropoda_Insecta_Orthoptera_Rhaphidophoridae_Pristoceuthophilus_Pristoceuthophilus cercalis","AATAAACAATATAAGATTCTGGTTACTCCCCCCTTCTCTAACCCTTTTATTGGCAAGTAGCCTAGTTGAAAATGGAGCTGGGACAGGTTGAACTGTATACCCTCCTCTATCAGCTGGAATTGCTCATGCTGGAGCATCTGTAGACTTAGCTATCTTCTCCTTACACTTAGCAGGAATTTCCTCAATTTTAGGAGCTGTAAACTTTATTACTACAACCATCAATATACGATCTCCAGGAATAAATTTTGACCAAATACCCTTATTTGTCTGATCTGTAGCTATTACCGCCTTACTCTTACTCCTTTCATTACCTGTATTAGCAGGAGCAATCACTATACTTTTAACTGACCGTAATCTAAATACCTCTTTTTTTGATCCTGCTGGTGGGGGTGATCCAATTCTCTATCAACATTTATTT"
"R8424_8;size=1","COI","94.976","656","0","BLAST_CLOSE_MATCH","BOLD:ACX1094","Animalia_Arthropoda_Insecta_Diptera_Rhagionidae","AATAAATAACATAAGATTTTGACTACTACCTCCATCATTAACCTTATTGCTTTCTAGTAGTATAGTTGAAAATGGAGCGGGAACTGGATGAACCGTTTACCCACCCCTTTCAGCATCTATTGCGCATGGAGGAGCTTCAGTTGATCTTGCTATTTTCTCACTTCATTTAGCCGGGATTTCTTCAATTTTAGGGGCAGTTAATTTCATTACAACTGTAATTAATATGCGATCAACGGGAATTACTTTTGATCGCATACCTTTATTTGTGTGAGCTGTTGTAATTACTGCTATTTTATTACTACTTTCATTACCTGTATTAGCTGGGGCTATTACTATGCTATTAACTGATCGAAATTTAAATACATCTTTTTTTGACCCAGCTGGAGGGGGTGACCCAATTCTCTATCAACATTTATTT"
"R8435_16;size=1","COI","96.897","701","0","BLAST_CLOSE_MATCH","BOLD:AAG2718","Animalia_Arthropoda_Insecta_Orthoptera_Rhaphidophoridae_Pristoceuthophilus_Pristoceuthophilus cercalis","AATAAACAATATAAGATTCTGATTACTCCCGCCTTCTCTAACCCTTTTATTGGCAAGTAGCCTAGTTGAAAATGGCGCTGGGACAGGTTGAACTGTATACCCCCCCTCTATCATCTGGAATTGCTCATGCTGGAGCATCTGTAGACTTAGCCATCTTCTCCTTACATTTAGCAGGAATCTCTTCAATTTTAGGAGCTGTAAATTTTATTACTACAACTATCAATATACGATCTCCAGGAATAAATTTTGACCAAATACCCTTATTTGTCTGATCTGTAGCTATTACCGCCTTACTCTTACTCCTTTCATTACCTGTATTAGCAGGAGCAATCACTATACTTTTAACTGACCGTAATCTAAATACCTCTTTTTTTGATCCTGCTGGTGGGGGTGATCCAATTCTCTATCAACATTTATTT"
"R843_214;size=1","COI","98.804","745","0","BLAST_CLOSE_MATCH","BOLD:AAG2718","Animalia_Arthropoda_Insecta_Orthoptera_Rhaphidophoridae_Pristoceuthophilus_Pristoceuthophilus cercalis","AATAAACAATATAAGATTCTGATTACTTCCACCTTCTCTAACCTTTTTATTAGCAAGTAGCCTAGTTGAAAATGGAGCTGGGACAGGTTGAACTGTATACCCTCCTCTATCAGCTGGAATTGCTCATGCTGGAGCATCTGTAGACTTAGCTATCTTTTCCTTACACTTAGCAGGAATTTCTTCAATTTTAGGAGCTGTAAACTTTATTACTACAACCATCAATATACGATCTCCAGGAATAAATTTTGACCAAATACCCTTATTTGTCTGATCTGTAGCTATTACCGCCTTACTCTTACTCCTTTCATTACCTGTATTAGCAGGAGCAATCACTATACTTTTAACTGACCGTAATCTAAATACCTCTTTTTTTGATCCTGCTGGTGGGGGTGATCCAATTCTCTATCAACATTTATTT"
"R8447_17;size=1","COI","94.258","640","0","BLAST_CLOSE_MATCH","BOLD:ACC8889","Animalia_Arthropoda_Insecta_Coleoptera_Ampedidae_Ampedus_Ampedus rhodopus","AATAAACAACATAAGATTCTGACTATTACCACCCTCCCTAAGACTTCTTCTAATAAGAAGAATTGTAGAAAATGGAGCAGGGACAGGATGAACTGTTTACCCACCACTCTCATCCAACATTGCCCACAGAGGTTCCTCAGTTGATTTAGCAATTTTCAGCCTACATCTAGCCGGACTCTCCGCAATTCGAGGTGCAGTTCATTTCATCTCAAAAGTAATTAATATACGATCAACAGGAATCACATTTGACCGTATACCACTATTTGTATGAGCAGTAGCAATTACAGCTCTATTACTCCTTCTATCATTACCAGTTCTAGCTGGTGCAATCACAATACTTCTAACAGACCGAAATCTAAATACCTCATTCTTTGACCCAGCTGGGGGAGGGGACCCAATTCTTTACCAACACCTATTT"
"R8448_16;size=1","COI","95.455","667","0","BLAST_CLOSE_MATCH","BOLD:ACC8889","Animalia_Arthropoda_Insecta_Coleoptera_Ampedidae_Ampedus_Ampedus rhodopus","AATAAACAACATAAGATTCTGACTATTACCACCCTCCCTAAGACTTCTTCTAATAAGAAGAATTGTAGAAAATGGAGCAGGGACAGGATGAACTGTTTACCCACCACTCTCATCCAACATTGCCCACAGAGGTTCCTCAGTTGATTTAGCAATTTTCAGCCTACATCTAGCCGGAATCTCCTCAATTCTAGGTGCAGTTAATTTCATCTCAACAGTAATTAATATACGATCAACAGGAATCACATTTGACCGTATACCACTATTTGTATGAGCAGTAGCAATTACAGCTCTATTACTCCTTCTATCATTACCAGTTCTAGCTGGTGCAATCACAATACTTCTAACAGACCGAAATCTAAATACCTCATTCTTTGACCCAGCTGGGGGAGGGGACCCAATTCTTTACCAACACCTATTT"
"R850_214;size=1","COI","97.129","706","0","BLAST_CLOSE_MATCH","BOLD:AAU6113","Animalia_Arthropoda_Insecta_Orthoptera_Rhaphidophoridae_Pristoceuthophilus_Pristoceuthophilus celatus","AATAAATAATATAAGATTTTGATTACTTCCTCCTTCCCTAACCCTTTTACTGGCAAGTAGCCTAGTTGAAAATGGAGCTGGCACAGGTTGAACAGTATACCCTCCTCTTTCTGCTGGAATTGCTCATGCTGGGGCTTCAGTAGATTTAGCTATTTTCTCTTTACATTTAGCTGGAATCTCTTCAATTCTAGGAGCTGTAAATTTCATTACTACAACTATCAATATGCGATCTCCAGAAATAAATTTTGATCAAATACCACTATTTGTCTGATCTGTAGCTATTACAGCCTTACTTTTATTACTTTCCTTACCAGTTTTAGCAGGAGCAATTACTATACTTCTTACTGACCGTAATTTAAATACATCCTTTTTTGATCCTGCTGGTGGGGGAGATCCAATTCTTTATCAACATTTATTT"
"R8519_8;size=1","COI","97.596","713","0","BLAST_CLOSE_MATCH","BOLD:ACI7739","Animalia_Arthropoda_Arachnida_Opiliones_Phalangiidae_Leptobunus_Leptobunus parvulus","AATAAATAATATAAGATTTTGATTACTTCCCCCTTCATTTCTACTACTTCTTTCTTCTACTATAGTGGAAAATGGGGCAGGAACAGGGTGGACAGTCTATCCCCCTTTATCTAGTAACATTGCTCATACAGGAGCCTCCGTAGATCTTACAATTTTTTCATTACATTTAGCAGGTGTTTCCTCTATTCTAGGAGCTATTAATTTTATTACAACAATTATTAATATACGCACACATGGAATAATTATAGAACGTATACCCCTATTTGTTTGATCTGTAAAAATTACAGCTATCCTTCTTCTTTTATCTCTCCCTGTATTAGCAGGGGCCATTACAATATTACTAACAGACCGAAATTTTAACACATCTTTTTTTGATCCTGCAGGAGGAGGGGATCCTATTTTATATCAACACTTATTT"
"R8526_13;size=1","COI","98.804","745","0","BLAST_CLOSE_MATCH","BOLD:AAJ2526","Animalia_Arthropoda_Arachnida_Araneae_Anyphaenidae_Anyphaena_Anyphaena pacifica","AATGAATAATTTAAGTTTTTGATTATTACCTTCTTCATTGTTTTTATTATTTATTTCTTCTATAGCTGAAATAGGAGTGGGAGCAGGTTGAACAGTTTATCCACCTTTATCTTCTAGAGTTGGTCATATAGGAAGAGCTGTGGATTTTGCTATTTTTTCTTTACATTTAGCTGGTGCTTCATCTATTATAGGGGCTGTTAATTTTATTTCTACTGTAGTAAATATGCGTTCTGTAGGAATGACTTTTGAAAAGGTACCTCTGTTTGTTTGGTCTGTTTTAATTACAGCTATTTTATTGTTATTATCTCTTCCCGTATTAGCAGGAGCTATTACTATATTATTAACAGATCGAAATTTTAATACTTCATTTTTTGATCCTGCTGGAGGAGGAGATCCTATTTTATTTCAACATTTATTT"
"R852_214;size=1","COI","98.317","730","0","BLAST_CLOSE_MATCH","BOLD:ACI3443","Animalia_Arthropoda_Insecta_Diptera_Muscidae_Phaonia","AGTAAATCATATGAGCTGTTGACTTTTACCTCCTGCTTTCATCTTACTACTAACTAGTAGTATAGTGGCAAACGGAGCTGGAACTGGATGTCCTGTTTACCCACCTTTATCATCAAATGTAGCTCATAGAGGAGCTTCTGTTGATTTAGCAATTTTTTCTCTTCATCTAGCAGGTATTTCTTCTATTTTAGGAGCAGTTAATTTTATTACAACTGTAATTAATATACGATCAACAGGTATTACATTCGATCGTATACCTTTATTTGTATGATCTGTAGTAATTACAGCTTTGTTATTACTTTTATCTTTACCTGTATTAGCTGGAGCTATTACTATATTATTAACAGATCGAAATTTAAATACATCATTCTTTGATCCAGCAGGAGGAGGAGATCCAGTATTATACCAACATCTTTTT"
"R8547_8;size=1","COI","99.522","761","0","BLAST_EXACT_MATCH","BOLD:ACB9301","Animalia_Arthropoda_Insecta_Diptera_Chironomidae","AATAAATAATATAAGATTTTGACTTTTGCCTCCTTCTTTAACCCTTCTTCTATCCAGATCAATTATCGAAAATGGGGCTGGAACAGGATGAACTGTTTACCCCCCGCTTTCTTCAGGAATTGCTCATGCTGGAGGATCTGTCGATTTAGCTATTTTTTCTCTACATTTAGCTGGAATTTCCTCTATCTTAGGAGCAGTTAATTTTATTACCACTGTAATCAATATACGAAGAGAAGGAATTTCTTTAGACCGCTTACCTTTATTTGTTTGATCTGTGATAATTACAGCTATTCTTCTTCTTTTATCTCTTCCTGTTTTAGCTGGAGCTATCACTATACTTTTAACTGATCGAAACTTAAATACCTCTTTTTTTGATCCTGCTGGAGGAGGAGACCCTATTTTATACCAACATTTATTT"
"R8553_8;size=1","COI","98.804","745","0","BLAST_CLOSE_MATCH","BOLD:AAP7041","Animalia_Arthropoda_Insecta_Coleoptera_Scraptiidae_Anaspis_Anaspis rufa","AATAAATAATATAAGATTTTGATTACTCCCCCCCTCCCTAACTCTTTTAATTATAAGAAGAGTTGTAGAAAATGGAGCAGGAACCGGATGAACAGTTTATCCACCCCTGGCGGCAAATATTGCTCACAGAGGATCTTCTGTAGATCTCGCAATTTTTAGACTTCATCTAGCGGGAGTTTCTTCAATTCTTGGAGCAGTAAACTTTATTACTACAGTAATTAATATACGACCACAAGGAATAACTCTTGACCGAATACCATTATTTGTTTGAGCCGTAGTAATTACAGCAATTTTACTTTTATTATCCCTTCCGGTATTAGCAGGAGCCATTACCATACTTTTAACAGATCGAAATTTAAATACTTCATTTTTTGACCCTGCGGGGGGAGGAGACCCAATTCTTTACCAACATTTATTT"
"R8559_8;size=1","COI","98.565","739","0","BLAST_CLOSE_MATCH","BOLD:AAP7041","Animalia_Arthropoda_Insecta_Coleoptera_Scraptiidae_Anaspis_Anaspis rufa","AATAAATAATATAAGATTTTGATTACTCCCCCCCTCCCTAACTCTTTTAATTATAAGAAGAGTTGTAGAAAATGGGGCAGGAACCGGATGAACAGTTTATCCACCCCTGGCGGCAAATATTGCTCACAGAGGATCTTCTGTGGATCTCGCAATTTTTAGACTTCATCTTGCGGGAGTTTCTTCAATTCTTGGAGCAGTAAACTTTATTACTACAGTAATTAATATACGACCACAAGGAATAACTCTTGACCGAATACCATTATTTGTTTGAGCCGTAGTAATTACAGCAATTTTACTTTTATTATCCCTTCCGGTATTAGCAGGAGCCATTACCATACTTTTAACAGATCGAAATTTAAATACTTCATTTTTTGACCCTGCGGGGGGAGGAGACCCAATTCTTTACCAACATTTATTT"
"R855_214;size=1","COI","99.282","756","0","BLAST_EXACT_MATCH","BOLD:ACG0970","Animalia_Arthropoda_Insecta_Lepidoptera_Geometridae_Trichodezia_Trichodezia californiata","AATAAACAATATAAGATTTTGACTTTTACCCCCCTCAATTACTTTATTAATCTCAAGTAGAATTGTAGAAAATGGAGCAGGAACTGGATGAACCGTTTGCCCCCCTCTTTCCTCGAATATTGCCCATGGAGGTAGATCTGTTGACTTAGCTATTTTTTCCTTACATTTAGCGGGTATTTCTTCAATTTTAGGGGCAATTAATTTTATCACCACTATTATTAATATACGATTAAATAACATATTCTTTGACCAACTACCTTTATTTGTTTGAGCTGTTGGAATTACAGCCTTTTTATTATTACTATCTTTACCAGTCTTAGCTGGAGCAATTACTATATTATTAACCGATCGAAATTTAAATACTTCTTTTTTTGACCCTGCAGGAGGAGGAGACCCTATTCTTTACCAGCATTTATTT"
"R8560_8;size=1","COI","96.172","684","0","BLAST_CLOSE_MATCH","BOLD:AAY9056","Animalia_Arthropoda_Insecta_Diptera_Syrphidae_Milesia_Milesia pulchra","AATAAATAATATAAGATTTTGACTTTTACCCCCCGCTTTAATTCTATTATTATTTAGTAGAATAGTAGAAAATGGAGCTGGAACAGGATGAACTGTATATCCTCCTCTTTCAGCAAGAATCGCTCATGGAGGAGCTTCTGTAGATTTAGCTATTTTTTCTCTTCATTTAGCAGGTATATCATCAATTCTAGGAGCAGTAAATTTTATTACTACTGTAATTAATATACGATCTACTGGAATTACATATGATCGAATACCATTATTTGTTTGATCTGTTGTAATTACAGCTTTATTATTACTTTTATCTTTACCAGTATTAGCAGGAGCAATTACTATACTTTTAACTGATCGAAATTTAAATACTTCATTTTTTGACCCTGCAGGAGGAGGAGACCCAATTCTATACCAACATTTATTT"
"R8597_20;size=1","COI","91.388","571","1.1e-161","BLAST_CLOSE_MATCH","BOLD:AAB9632","Animalia_Arthropoda_Insecta_Lepidoptera_Blastobasidae_Hypatopa_Hypatopa simplicella","AATAAATAATATAAGTTTCTGACTACTTCCACCATCATTAACTCTCTTATTAGCCAGTAGTATAGTAGAAAATGGAGCTGGAACTGGTTGAACAGTTTACCCCCCTCTATCTGCTGCAATTGCTCATGGAGGAGGATCAGTTGATTTAGCTATTTTTTCTTTACATTTAGCAGGAATTTCTTCAATTTTAGGAGCTATTAATTTTATTACTACTATTATTAACATACGACCTAATAATATATCTTTTGATCAAATACCTTTATTTGTTTGATCAGTTGGAATTACTGCTTTACTTTTACTTTTATCATTACCTGTTTTAGCCGGAGCTATTACCATATTATTAACAGATCGAAATTTAAACACATCTTTTTTTGATCCAGCCGGAGGAGGAGATCCTATTTTATACCAACATTTATTT"
"R8598_20;size=1","COI","90.931","560","2.38e-158","BLAST_CLOSE_MATCH","BOLD:AAB9632","Animalia_Arthropoda_Insecta_Lepidoptera_Blastobasidae_Hypatopa_Hypatopa simplicella","AATAAATAATATAAGTTTCTGAGTACTACCTCCATCAGTATCTCTTTTATTAGCCAGTAGTATAGTAGAAAATGGGGCTGGAACTGGTTGAACAGTTTACCCCCCTCTATCTGCTGCAATTGCTCATGGAGGAGGATCAGTTGATTTAGCTATTTTTTCTTTACATTTAGCAGGAATTTCTTCAATTTTAGGAGCTATTAATTTTATTACTACTATTATTAACATACGACCTAATAATATATCTTTTGATCAAATACCTTTATTTGTTTGATCAGTTGGAATTACTGCTTTACTTTTACTTTTATCATTACCTGTTTTAGCCGGAGCTATTACCATATTATTAACAGATCGAAATTTAAACACATCTTTTTTTGATCCAGCCGGAGGAGGAGATCCTATTTTATACCAACATTTATTT"
"R8599_20;size=1","COI","98.804","745","0","BLAST_CLOSE_MATCH","BOLD:ACG6460","Animalia_Arthropoda_Insecta_Diptera_Tabanidae_Hybomitra","AATAAATAATATAAGTTTCTGACTACTTCCACCATCATTAACTCTTTTATTAGCCAGTAGTATAGTAGAAAATGGGGCTGGAACTGGTTGAACAGTTTACCCCCCTCTATCTGCTGCAATTGCTCATGGAGGAGGATCAGTTGATTTAGCAATTTTTTCTTTACATTTAGCAGGAATTTCCTCTATTTTAGGAGCTGTTAATTTTATTACTACTGTAATTAATATACGATCAACAGGAGTTACTTTTGATCGAATACCTTTATTTGTATGAGCAGTAGTAATTACAGCTATTCTTTTATTATTATCACTACCAGTATTAGCTGGAGCTATTACTATACTTTTAACTGATCGAAATTTAAATACTTCATTTTTTGACCCTGCAGGAGGGGGTGACCCTATTTTATATCAACATTTATTC"
"R8602_20;size=1","COI","89.976","540","3.11e-152","BLAST_WEAK_MATCH","BOLD:AAB1544","Animalia_Arthropoda_Insecta_Diptera_Tabanidae_Hybomitra","AATAAATAATATAAGTTTCTGATTACTTCCCCCATCATTAACTCTTTTATTAGCCATTATTATAGTAGAAAATGGGGCTGGAACCGGTTGAACACTTTACCCACCTCTATCTGCTGCAATTGCTCATGGAGGAGGATCAGTTGATTTAGCTATTTTTTCTTTACATTTAGCAGGAATTTCTTCAATTTTAGGAGCTATTAATTTTATTACTACTATTATTAACATACGACCTAATAATATATCTTTTGATCAAATACCTTTATTTGTTTGATCAGTTGGAATTACTGCTTTACTTTTACTTTTATCATTACCTGTTTTAGCCGGAGCTATTACCATATTATTAACAGATCGAAATTTAAACACATCTTTTTTTGATCCAGCCGGAGGAGGAGATCCTATTTTATACCAACATTTATTT"
"R8608_20;size=1","COI","92.086","588","1.09e-166","BLAST_CLOSE_MATCH","BOLD:AAB9632","Animalia_Arthropoda_Insecta_Lepidoptera_Blastobasidae_Hypatopa_Hypatopa simplicella","AATAAATAATATAAGTTTTTGAATATTACCTCCATCTTTAACTCTTTTATTAGCCAGTAGTATAGTAGAAAATGGAGCTGGAACTGGTTGAACAGTTTACCCCCCTCTATCTGCTGCAATTGCTCATGGAGGAGGATCAGTTGATTTAGCTATTTTTTCTTTACATTTAGCAGGAATTTCTTCAATTTTAGGAGCTATTAATTTTATTACTACTATTATTAACATACGACCTAATAATATATCTTTTGATCAAATACCTTTATTTGTTTGATCAGTTGGAATTACTGCTTTACTTTTACTTTTATCATTACCTGTTTTAGCCGGAGCTATTACCATATTATTAACAGATCGAAATTTAAACACATCTTTTTTTGATCCAGCCGGAGGAGGAGATCCTATTTTATACCAACATTTATTT"
"R8609_20;size=1","COI","99.281","754","0","BLAST_EXACT_MATCH","BOLD:ABZ0149","Animalia_Arthropoda_Insecta_Neuroptera_Hemerobiidae_Hemerobius_Hemerobius discretus","AATAAATAATATAAGTTTTTGAATATTACCTCCTTCTTTAATATTACTTTTAGCTTCAAGTATAGTAGAAAACGGGGCTGGAACTGGATGAACAGTTTATCCCCCCTTATCTGCTAATATTGCTCATGCAGGAGCATCAGTTGACTTAGCTATTTTCAGATTACATTTAGCAGGAGTATCTTCTATTTTAGGAGCAGTAAATTTTATTACTACTGTTATTAATATACGATTAAATTATATAACTTTAGATCGAATACCTTTATTTGTATGATCTGTAGTTATTACAGCATTATTATTATTACTATCTCTTCCAGTATTAGCAGGAGCTATTACTATACTATTAACAGATCGTAATCTAAATACATCTTTCTTCGACCCAGCAGGAGGAGGAGATCCTATTTTATACCAACATTTATTC"
"R8610_20;size=1","COI","97.847","723","0","BLAST_CLOSE_MATCH","BOLD:AAG6876","Animalia_Arthropoda_Insecta_Diptera_Asilidae_Laphria","AATAAATAATATAAGTTTTTGATTACAACCGCCATCTCTTACTTTACTATTAGCTAGTAGAATAGTTAATAATGAAGCAGGTACAGGATGAACAGTTTATCCACCTCTATCTGCTGGAATTGCTCATGGAGGAGCATCTGTAGATCTTGCCATCTTCTCTCTTCACTTGGCAGGTGTATCATCTATTTTAGGAGCAGTAAATTTTATTACAACAGTTATTAATATACGATCAACCGGAATTACATTTGATCGTATACCTCTATTTGTATGATCTGTTGTAATTACAGCAATCCTTCTTCTTCTTTCACTTCCAGTTTTAGCTGGAGCTATTACTATACTTCTTACAGATCGAAACTTAAATACATCATTTTTTGATCCAGCTGGAGGAGGAGATCCAATTTTATACCAACATTTATTC"
"R8611_20;size=1","COI","98.082","726","0","BLAST_CLOSE_MATCH","BOLD:ACX2568","Animalia_Arthropoda_Insecta_Diptera_Keroplatidae","AATAAATAATATAAGATTTTGATTATTACCTCCTTCTTTATCTTTATTATTAATAAGAGGTTTGGTTGAAAATGGGGCTGGAACAGGATGAACTGTTTACCCCCCTTTATCAACAACTATTTCCCATTCAGGAGGATCCGTTGATTTAGCAATTTTCTCTCTTCATCTTGCAGGGATTTCTTCAATTTTAGGAGCTGTTAATTTTATCACAACAATTATTAATATACGATCTCCAGGTATAAATATAGATATAATACCTTTATTTGTATGATCTGTATTTATTACTGCAATTTTATTACTTCTTTCTCTACCAGTATTAGCAGGAGCTATTACTATATTATTAACTGATCGAAACTTAAATACTTCTTTTTTTGATCCCGCAGGAGGAGGAGATCCTATTCTTTATCAACATTTATTC"
"R8613_20;size=1","COI","98.804","745","0","BLAST_CLOSE_MATCH","BOLD:AAB6388","Animalia_Arthropoda_Insecta_Hymenoptera_Vespidae_Dolichovespula_Dolichovespula maculata","AATAAACAATATAAGATTTTGACTCCTTACACCATCATTATTTCTTTTCATTAGAAGAAGATTTATTAGTGGAGGTGTAGGAACGGGTTGAACCTTATATCCACCTCTTTCTTCTCTTATTGGACATAATTCTCCCTCAGTTGATTTAAGAATTTTTTCAATTCATATTGCTGGAATTTCATCAATTATAGGATCTATTAATTTTATTGTAACAATTTTAAATATACATACAAAAACTAATTCATTAAATTTTTTACCTTTATTTTCATGATCAGTTTTAATTACTGCTATTCTTTTAATTTTATCATTACCAGTTTTAGCTGGTGCAATTACTATATTATTATCTGATCGAAACTTTAATACATCATTTTTTGATCCTACAGGAGGAGGAGATCCAATCCTCTATCAACATTTATTC"
"R8614_20;size=1","COI","97.608","717","0","BLAST_CLOSE_MATCH","BOLD:AAG6876","Animalia_Arthropoda_Insecta_Diptera_Asilidae_Laphria","AATAAATAATATAAGTTTTTGATTACAACCGCCATATCTTACTTTACTATTAGCTAGTAGAATAGTTAATAATGAAGCAGGTACAGGATGAACAGTTTATCCACCTCTATCTGCTGGAATTGCTCATGGAGGAGCATCTGTAGATCTTGCCATCTTCTCTCTTCACTTGGCAGGTGTATCATCTATTTTAGGAGCAGTAAATTTTATTACAACAGTTATTAATATACGATCAACCGGAATTACATTTGATCGTATACCTCTATTTGTATGATCTGTTGTAATTACAGCAATCCTTCTTCTTCTTTCACTTCCAGTTTTAGCTGGAGCTATTACTATACTTCTTACAGATCGAAACTTAAATACATCATTTTTTGATCCAGCTGGAGGAGGAGATCCAATTTTATACCAACATTTATTC"
"R8617_20;size=1","COI","95.704","673","0","BLAST_CLOSE_MATCH","BOLD:ACB1534","Animalia_Arthropoda_Insecta_Hymenoptera_Ichneumonidae","AATAAATAATATAAGATTTTGATTATTACCTCCTTCTTTATCTTTATTATTAATAAGAGGTTTGGTTGAAAATGGGGCTGGAACAGGATGAACTGTTTACCCCCCTTTATCATTAAATATAAATCATGAAGGTTTATCTGTAGATTTAGCTATTTTTTCACTTCATTTAGCAGGTATATCATCTATTATAGGAGCAATTAATTTTATTACTACAATTATAAATATATTTCCTATCAATACAAAATTTGAACAATTAACTTTATTTATTTGATCAATTCTTATTACAGCTATTCTTTTACTATTAGCTGTCCCAGTTTTAGCAGGAGCTATTACTATATTATTAACTGATCGAAATTTAAATACATCTTTTTTTGACCCATCCGGAGGTGGTGACCCTATTCTTTACCAACACTTATTC"
"R8618_20;size=1","COI","98.325","734","0","BLAST_CLOSE_MATCH","BOLD:ACG6460","Animalia_Arthropoda_Insecta_Diptera_Tabanidae_Hybomitra","AATAAATAATATAAGTTTCTGACTACTTCCACCATCATTAACTCTCTTATTAGCCAGTAGTATAGTAGAAAATGGAGCTGGAACTGGTTGAACAGTTTACCCCCCTCTATCTGCTGCAATTGCTCATGGAGGAGGATCAGTTGATTTAGCAATTTTTTCTTTACATTTAGCAGGAATTTCCTCTATTTTAGGAGCTGTTAATTTTATTACTACTGTAATTAATATACGATCAACAGGAGTTACTTTTGATCGAATACCTTTATTTGTATGAGCAGTAGTAATTACAGCTATTCTTTTATTATTATCACTACCAGTATTAGCTGGAGCTATTACTATACTTTTAACTGATCGAAATTTAAATACTTCATTTTTTGACCCTGCAGGAGGGGGTGACCCTATTTTATATCAACATTTATTC"
"R873_286;size=1","COI","99.282","756","0","BLAST_EXACT_MATCH","BOLD:ACS9352","Animalia_Arthropoda_Insecta_Diptera_Mycetophilidae","AATAAATAATTTAAGATTCTGACTTCTTCCCCCCTCATTATTATTATTACTTTCAAGAAGAATAGTAGAAATAGGGGCGGGAACTGGTTGAACAGTATATCCACCCCTCTCATCAATAATTGCCCACAATGGAACTTCAGTAGATTTAACAATTTTCTCTTTACATTTAGCAGGAATTTCATCAATTTTGGGAGCTGTTAATTTTATCTCTACAATCTTAAATATACGATCTCCTGGTATTATTATTGAACGAATACCTTTATTTGTTTGATCAGTATTAATTACAGCTATTTTACTTTTATTATCATTACCTGTATTAGCTGGAGCTATTACTATATTATTAACTGACCGAAATTTAAATACTACTTTTTTTGATCCTATTGGAGGAGGAGATCCTTTATTATATCAACATCTATTT"
"R885_132;size=1","COI","99.761","767","0","BLAST_EXACT_MATCH","BOLD:ACB9516","Animalia_Arthropoda_Insecta_Diptera_Muscidae_Coenosia","AATAAACAATATAAGTTTTTGACTTTTACCTCCAGCTTTAACTTTATTACTTGCTAGTAGTATAGTGGAAAACGGAGCTGGGACTGGATGAACAGTTTACCCTCCTTTATCATCTAATATTGCTCATGGTGGAGCTTCTGTAGATTTAGCTATTTTTTCATTACATTTAGCAGGAATTTCTTCAATTTTAGGAGCTGTAAATTTTATCACTACTGTAATTAATATACGATCAACAGGAATTACTTTTGATCGAATACCATTATTTGTTTGATCAGTAGCTATTACAGCTTTATTATTATTATTATCATTACCAGTATTAGCTGGAGCTATTACAATATTATTAACAGATCGAAATTTAAATACTTCTTTTTTTGACCCCGCAGGAGGAGGAGATCCTATTTTATACCAACACTTATTT"
"R885_253;size=1","COI","99.761","767","0","BLAST_EXACT_MATCH","BOLD:ACI3443","Animalia_Arthropoda_Insecta_Diptera_Muscidae_Phaonia","ATTAAATAATATGAGCTTTTGACTTTTACCTCCTGCTTTAATCTTATTACTAACTAGTAGTATAGTGGAAAACGGAGCTGGAACTGGATGAACTGTTTACCAACCTTTATCATCAAATGTAGCTCATAGAGGAGCTTCTGTTGATTTAGCAATTTTTTCTCTTCATCTAGCAGGTATTTCTTCTATTTTAGGAGCAGTTAATTTTATTACAACTGTAATTAATATACGATCAACAGGTATTACATTCGATCGTATACCTTTATTTGTATGATCTGTAGTAATTACAGCTTTGTTATTACTTTTATCTTTACCTGTATTAGCTGGAGCTATTACTATATTATTAACAGATCGAAATTTAAATACATCATTCTTTGATCCAGCAGGAGGAGGAGATCCAGTATTATACCAACATCTTTTT"
"R8956_4;size=1","COI","90.168","542","8.64e-153","BLAST_CLOSE_MATCH","BOLD:AAG7729","Animalia_Arthropoda_Insecta_Hymenoptera_Ichneumonidae","ATTAAATAATATAAGCTTTTGACTTTTACCTCCTGCTTTAATCCTACTACTAACTAGTAGTATAGTGGAAAACGGAGCTGGAACTGGATGAACTGTTTACCCACCTTTATCATCAAATGTAGCTCATAGAGGAGCTTCTGTTGATTTAGCAATTTTTTCTCTTCATATAGCTGGAATATCTTCTATTATAGGGGCAATTAATTTTATTACAACTATTTTAAATATAAAAATTTTAGGATCTTCACTAGAACAAATAACTTTATTTACATGATCAATTCAAATTACAGCAATTCTTCTTTTATTAGCTGTTCCAGTTTTAGCCGGAGCAATTACTATATTATTAACTGATCGAAATTTAAATACCTCTTTTTTTGACCCTTCAGGAGGTGGGGATCCAATTTTATACCAACATTTATTT"
"R8957_4;size=1","COI","99.043","750","0","BLAST_EXACT_MATCH","BOLD:ACI3443","Animalia_Arthropoda_Insecta_Diptera_Muscidae_Phaonia","ATTAAATAATATAAGCTTTTGACTTTTACCTCCTGCTTTAATTCTATTACTAACTAGTAGTATAGTGGAAAACGGAGCTGGAACTGGATGAACTGTTTACCCACCTTTATCCTCAAATGTAGCTCATAGAGGAGCTTCTGTTGATTTAGCAATTTTTTCTCTTCATCTAGCAGGTATTTCTTCTATTTTAGGAGCAGTTAATTTTATTACAACTGTAATTAATATACGATCAACAGGTATTACATTCGATCGTATACCTTTATTTGTATGATCTGTAGTAATTACAGCTTTGTTATTACTTTTATCTTTACCTGTATTAGCTGGAGCTATTACTATATTATTAACAGATCGAAATTTAAATACATCATTCTTTGATCCAGCAGGAGGAGGAGATCCAGTATTATACCAACATCTTTTT"
"R8957_7;size=1","COI","92.308","588","1.11e-166","BLAST_CLOSE_MATCH","BOLD:ACI3443","Animalia_Arthropoda_Insecta_Diptera_Muscidae_Phaonia","ATTAAATAATATATGTTAGCTTTTGACTTTTACCTCCTGCTTTAATTGTACTACTAACTAGTAGTATAGTGGAAAACGGAGCTGGAACTGGATGAACTGTTTACCCACCTTTATCATCAAATGTAGCTCATAGAGGAGCTTCTGTTGATTTAGCAATTTTTTCTCTTCATTTAGCAGGAATTTCTTCTATTTTAGGAGCTGTTAATTTTATTACGACTGTAATTAATATACGATCAACAGGAATTACATTTGATCGAATACCTTTATTTGTATGAGCAGTAGTAATTACAGCTATCCTTTTATTATTATCTTTACCAGTATTAGCAGGAGCTATTACTATACTTTTAACTGATCGAAATTTAAATACTTCATTTTTTGATCCAGCAGGAGGAGGAGATCCAATTTTATATCAACATTTATTT"
"R8963_4;size=1","COI","92.718","595","6.54e-169","BLAST_CLOSE_MATCH","BOLD:ACI3443","Animalia_Arthropoda_Insecta_Diptera_Muscidae_Phaonia","ATTAAATAATATAAGCTTTTGACTTTTACCTCCTGCTTTAATTCTACTACTAACTAGTAGTATATTGGAAAACGGAGCTGGAACTGGATGAACTGTTTACCCACCTTTATCATCAAATGTAGCTCATAGAGGAGCTTCTGTTGATTTAGCAATTTTTTCTCTTCATTTAGCAGGAATTTCTTCTATTTTAGGAGCTGTTAATTTTATTACGACTGTAATTAATATACGATCAACAGGAATTACATTTGATCGAATACCTTTATTTGTATGAGCAGTAGTAATTACAGCTATCCTTTTATTATTATCTTTACCAGTATTAGCAGGAGCTATTACTATACTTTTAACTGATCGAAATTTAAATACTTCATTTTTTGATCCAGCAGGAGGAGGAGATCCAATTTTATATCAACATTTATTT"
"R901_282;size=1","COI","99.043","750","0","BLAST_EXACT_MATCH","BOLD:AAP7041","Animalia_Arthropoda_Insecta_Coleoptera_Scraptiidae_Anaspis_Anaspis rufa","AATAAATAATATAAGATTTTGATTACTACCCCCCTCCCTAACTCTTTTAATTATAAGAAGAGTTGTAGAAAATGGAGCAGGAACCGGATGAACAGTTTATCCACCCCTGGCGGCAAATATTGCTCACAGAGGATCTTCTGTAGATCTCGCAATTTTTAGACTTCATCTTGCGGGAGTTTCTTCAATTCTTGGAGCAGTAAACTTTATTACTACAGTAATTAATATACGACCACAAGGAATAACTCTTGACCGAATACCATTATTTGTTTGAGCCGTAGTAATTACAGCAATTTTACTTTTATTATCCCTTCCGGTATTAGCAGGAGCCATTACCATACTTTTAACAGATCGAAATTTAAATACTTCATTTTTTGACCCTGCAGGGGGAGGAGACCCAATTCTTTACCAACATTTATTT"
"R911_211;size=1","COI","93.541","623","3e-177","BLAST_CLOSE_MATCH","BOLD:ACA2116","Animalia_Arthropoda_Insecta_Coleoptera","AATAAATAATATAAGATTTTGATTATTACCCCCCTCACTTACCCTTCTAATTATAAGTAGAATTATTGAAAATGGTGCAGGAACAGGATGAACAGTTTACCCCCCTTTAGCTGCTAATATTGCTCATAGAGGAGCTTCTGTTGATCTAGCAATTTTTAGATTACATTTAGCAGGAATTTCTTCAATTTTAGGAGCAGTTAATTTTATTACAACAGTAATTAATATACGATCGGTTGGGATAACATTTGATCGTATACCCTTATTTGTTTGATCTGTAGCTATTACAGCATTATTACTTCTTCTTTCATTACCTGTTTTAGCTGGGGCTATTACAATATTATTGACAGATCGAAACTTAAATACATCATTTTTTGACCCTGCTGGAGGAGGAGATCCTATTCTTTATCAACATTTATTT"
"R9126_4;size=1","COI","95.294","540","3.14e-152","BLAST_CLOSE_MATCH","BOLD:AAG7729","Animalia_Arthropoda_Insecta_Hymenoptera_Ichneumonidae","ATTAAATAATATATGTTAGCTTTTGACTTTTACCTCCTGCTTTAATTGTACTACTAACTAGTAGTATAGTGGAAAACGGAGCTGGAACTGGATGAACTGTTTACCCACCTTTATCATCAAATGTAGCTCATAGAGGAGCTTCTGTTGATTTAGCAATTTTTTCTCTTCATATAGCTGGAATATCTTCTATTATAGGGGCAATTAATTTTATTACAACTATTTTAAATATAAAAATTTTAGGATCTTCACTAGAACAAATAACTTTATTTACATGATCAATTCAAATTACAGCAATTCTTCTTTTATTAGCTGTTCCAGTTTTAGCCGGAGCAATTACTATATTATTAACTGATCGAAATTTAAATACCTCTTTTTTTGACCCTTCAGGAGGTGGGGATCCAATTTTATACCAACATTTATTT"
"R9128_4;size=1","COI","96.181","680","0","BLAST_CLOSE_MATCH","BOLD:AAI2273","Animalia_Arthropoda_Insecta_Diptera_Anthomyiidae_Hylemya","ATTAAATAATATAAGCTTTTGACTTTTACCTCCTGCTTTAATTCTATTACTAACTAGTAGTATAGTGGAAAACGGAGCTGGAACTGGATGAACTGTTTACCCACCTTTATCTTCTAATATTGCTCATGGAGGAGCTTCTGTTGATTTAGCTATTTTTTCTCTTCACTTAGCAGGAATTTCGTCAATTTTAGGAGCAGTAAATTTCATTACTACTGTAATTAATATACGATCAACAGGAATTACTTTTGATCGAATACCTCTATTTGTTTGATCAGTAGTAATTACAGCTTTATTACTTTTATTATCTTTACCTGTTTTAGCTGGAGCTATTACTATATTATTAACAGATCGAAACCTAAATACTTCATTTTTTGATCCTGCAGGAGGAGGTGACCCAATTTTATACCAACATTTATTT"
"R9132_7;size=1","COI","92.476","590","3.04e-167","BLAST_CLOSE_MATCH","BOLD:ACI3443","Animalia_Arthropoda_Insecta_Diptera_Muscidae_Phaonia","ATTAAATAATATAAGCTTTTGACTTTTACCTCCTGCTTTAATTCTACTACTAACTAGTAGTATATTGGAAAACGGAGCTGGAACTGGATGAACTGTTTACCCACCTTTATCCTCAAATGTAGCTCATAGAGGAGCTTCTGTTGATTTAGCAATTTTTTCTCTTCATTTAGCAGGAATTTCTTCTATTTTAGGAGCTGTTAATTTTATTACGACTGTAATTAATATACGATCAACAGGAATTACATTTGATCGAATACCTTTATTTGTATGAGCAGTAGTAATTACAGCTATCCTTTTATTATTATCTTTACCAGTATTAGCAGGAGCTATTACTATACTTTTAACTGATCGAAATTTAAATACTTCATTTTTTGATCCAGCAGGAGGAGGAGATCCAATTTTATATCAACATTTATTT"
"R9138_4;size=1","COI",,,,"BLAST_NO_MATCH",,,"TATGAATAATTTAAGTTTTTGGTTATTAGTGTCATCTTTTATTTTGCTCATTCTCTCAGTGTTTATTGGTGAAGGTCCAGGTACAGGTTGGACTTTATATCCACCTTTATCACAGGTAATGTTCCATCCAAGTGCAGGAGTTGACCTTGCTATACTTGCACTTCATGTTGCTGGTATGTCGTCAATTGTTGGGGCGATCAACTTTATAGTTACTATATTTAACATGCGCGCAAAAGGAATGTCATTAACTAAGATGCCACTGTTTGTTTGGTCTGTCTTGTTAACAGCATTTATGTTGATTGTTGCCTTACCAGTGCTTGCCGGTGCTATAACTATGCTTCTTACTGATCGCAATGTTGGTACTTCCTTTTTTGATCCTGCCGGTGGCGGCGATCCTGTGTTATTTCAACATCTATTT"
"R9140_21;size=1","COI","97.608","717","0","BLAST_CLOSE_MATCH","BOLD:AAM6113","Animalia_Arthropoda_Insecta_Diptera_Cecidomyiidae","AATAAATAATATAAGATTCTGAATATTACCACCTTCTTTATCTTTATTATTAATTAGAGGTTTAGTAGAAACTGGAACTGGAACTGGATGAACAGTATATCCTCCTTTATCTTCAGTTATTGCTCATACAGGCTCATCTGTAGATTTTTCTATTTTTTCTTTACATATTGCAGGAATTTCATCTATTTTAGGAGCAATTAATTTTATTTCTACAATAATAAATATAAAAATTAAATTCTTAAATTTTAATCAAATTTCTTTATTTGTTTGATCTATTTTAATTACAACAATTTTATTACTTCTTTCATTACCAGTTTTAGCTGGAGCTATTACTATATTATTAACTGATCGAAATTTAAATACTTCATTTTTTGATCCTATAGGAGGAGGAGATCCTATTCTTTATCAACATTTATTT"
"R9143_20;size=1","COI","98.565","739","0","BLAST_CLOSE_MATCH","BOLD:AAF8207","Animalia_Arthropoda_Insecta_Lepidoptera_Lasiocampidae_Tolype_Tolype dayi","AATAAATAATATAAGATTTTGATTATTACCCCCCTCTCTAAATCTTTTAATTACCATAAGAATTGTCTAAAATGGAGCTGGAACTGGATGAACAGTTTATCCTCCCCTATCATCTAATATTGCCCATAGTGGAAGATCAGTTGATTTAGCTATTTTCTCTCTTCATTTAGCTGGTATTTCTTCTATTTTAGGAGCTATTAATTTTATTACCACTATTATTAATATACGATTAAATAATATATCATTTGATCAAAGACCTTTATTTGTTTGAGCTGTCGGAATTACAGCTTTTTTATTACTTCTTTCACTCCCTGTATTAGCAGGAGCTATTACCATATTATTAACTGACCGAAATATTAATACTTCTTTTTTTGACCCTGCTGGAGGGGGAGACCCAATTCTATACCAACACTTATTT"
"R914_261;size=1","COI","97.847","723","0","BLAST_CLOSE_MATCH","BOLD:AAD2838","Animalia_Arthropoda_Insecta_Lepidoptera_Crambidae_Eudonia_Eudonia echo","AATAAATAATATAAGATTTTGATTATTACCACCATCTATCACTTTACTAATTTCTAGAAGAATTGTAGAAAATGGAGCAGGAACAGGATGAACAGTTTATCCCCCACTTTCATCTAATATTGCTCACGGAGGAGGATCTGTAGATTTAGCAATTTTTTCATTACATTTAGCAGGAATTTCTTCAATTTTAGGAGCAATTAATTTTATTACAACAATTATTAATATACGAATTAATAATTTATCTTTTGATCAAATACCTTTATTTGTTTGAGCTGTAGGTATTACAGCATTATTACTTTTATTATCTTTACCTGTTTTAGCGGGAGCTATTACTATATTATTAACAGATCGAAATTTAAATACATCTTTTTTTGACCCAGCTGGGGGAGGAGACCCTATTTTATACCAACATTTATTT"
"R9183_3;size=1","COI","99.282","756","0","BLAST_EXACT_MATCH","BOLD:AAJ2526","Animalia_Arthropoda_Arachnida_Araneae_Anyphaenidae_Anyphaena_Anyphaena pacifica","AATGAATAATTTAAGTTTTTGATTATTACCTTCTTCATTGTTTTTATTATTTATTTCTTCTATAGCTGAGATAGGAGTGGGAGCAGGTTGAACAGTTTATCCACCTTTATCTTCTAGAGTTGGTCATATAGGAAGAGCTGTGGATTTTGCTATTTTTTCTTTACATTTAGCTGGTGCTTCATCTATTATAGGGGCTGTTAATTTTATTTCTACTGTAGTAAATATGCGTTCTGTGGGAATGACTTTTGAAAAGGTACCTTTGTTTGTTTGGTCTGTTTTAATTACAGCTATTTTATTATTATTATCTCTTCCTGTATTAGCAGGAGCTATTACTATATTATTAACAGATCGAAATTTTAATACTTCATTTTTTGATCCTGCTGGAGGAGGAGATCCTATTTTATTTCAACATTTATTT"
"R9247_3;size=1","COI","98.565","739","0","BLAST_CLOSE_MATCH","BOLD:AAB6388","Animalia_Arthropoda_Insecta_Hymenoptera_Vespidae_Dolichovespula_Dolichovespula maculata","AATAAACAAAATAAGATTTTGACTACTTCCACCATCATTATTTCTTTTAATTAGAAGAAGATTTATTAGTGGAGGTGTAGGAACGGGTTGAACCTTATATCCACCTCTTTCTTCTCTTATTGGACATAATTCTCCCTCAGTTGATTTAAGAATTTTTTCAATTCATATTGCTGGAATTTCATCAATTATAGGATCTATTAATTTTATTGTAACAATTTTAAATATACATACAAAAACTAATTCATTAAATTTTTTACCTTTATTTTCATGATCAGTTTTAATTACTGCTATTCTTTTAATTTTATCATTACCAGTTTTAGCTGGTGCAATTACTATATTATTATCCGATCGAAACTTTAATACATCATTTTTTGATCCTACAGGAGGAGGAGATCCAATCCTCTATCAACATTTATTC"
"R9256_3;size=1","COI","98.325","734","0","BLAST_CLOSE_MATCH","BOLD:AAJ2526","Animalia_Arthropoda_Arachnida_Araneae_Anyphaenidae_Anyphaena_Anyphaena pacifica","AATAAATAATTTAAGTTTTTGATCATTACCTTCTTCATTGTTTTTATTGTTTATTTCTTCTATAGCTGAGATAGGAGTGGGAGCGGGTTGGACAGTTTATCCACCTTTATCTTCTAGAGTTGGTCATATAGGAAGAGCTGTGGAGTTTGCTATTTTTTCTTTACATTTAGCCGGTGCTTCATCTATTATAGGGGCTGTTAATTTTATTTCTACTGTAGTAAATATGCGTTCTGTAGGAATGACTTTTGAAAAGGTACCTTTGTTTGTTTGGTCTGTTTTAATTACAGCTATTTTATTATTATTATCTCTTCCTGTATTAGCAGGAGCTATTACTATATTATTAACAGATCGAAATTTTAATACTTCATTTTTTGATCCTGCTGGAGGAGGAGATCCTATTTTATTTCAACATTTATTT"
"R9257_3;size=1","COI","99.76","763","0","BLAST_EXACT_MATCH","BOLD:AAD2838","Animalia_Arthropoda_Insecta_Lepidoptera_Crambidae_Eudonia_Eudonia echo","TTTAAATAATATAAGATTTTGATTATTACCTCCATCATTAACTTTATTAATTTCTAGAAGAATTGTAGAAAATGGAGCAGGAACAGGATGAACAGTTTACCCCCCACTTTCATCTAATATTGCTCATGGAGGAGGATCTGTAGATTTAGCAATTTTTTCATTACATTTAGCGGGAATTTCTTCAATTTTAGGAGCAATTAATTTTATTACAACAATTATTAATATACGAATTAATAATTTATCTTTTGATCAAATACCTTTATTTGTTTGAGCTGTAGGTATTACAGCATTATTACTTTTATTATCTTTACCTGTTTTAGCGGGAGCTATTACTATATTATTAACAGATCGAAATTTAAATACATCTTTTTTTGACCCAGCTGGGGGAGGAGACCCTATTTTATATCAACATTTATTT"
"R9258_3;size=1","COI","98.086","728","0","BLAST_CLOSE_MATCH","BOLD:AAA2326","Animalia_Arthropoda_Insecta_Hymenoptera_Apidae_Apis_Apis mellifera","AATAAATAATATTAGATTTTGATTAGTTCCTCCCTCATTATTTATACTTTTATTAAGAAATTTATTTTATCCAAGACAAGGAACTGGATGAACAGTATATCCACCATTATCAGCATATTTATATCATTCTTCACCTTCAGTAGATTTTGCAATTTTTTCTCTTCATATATCAGGAATTTCCTCAATTATAGGATCATTAAACTTAATAGTTACAATTATAATAATAAAAAATTTTTCTATAAATTATGACCAAATTTCATTATTTCCATGATCAGTTTTTATTACAGCAATTTTATTAATTATATCATTACCTGTATTAGCTGGAGCAATTACTATACTATTATTTGATCGAAATTTTAATACATCATTTTTCGATCCTATAGGAGGTGGAGATCCAATTCTTTATCAACATTTATTT"
"R925_253;size=1","COI","98.804","745","0","BLAST_CLOSE_MATCH","BOLD:ACI3443","Animalia_Arthropoda_Insecta_Diptera_Muscidae_Phaonia","ATTAAATAATATGAGATTTTGACTTTTACCTCCTGCTTTAATCTTATTACTAACTAGTAGTATAGTGGAAAACGGAGCTGGAACTGGATGAACTGTTTACCAACCTTTATCATCAAATGTAGCTCATAGAGGAGCTTCTGTTGATTTAGCAATTTTTTCTCTTCATCTAGCAGGTATTTCTTCTATTTTAGGAGCAGTTAATTTTATTACAACTGTAATTAATATACGATCAACAGGTATTACATTCGATCGTATACCTTTATTTGTATGATCTGTAGTAATTACAGCTTTGTTATTACTTTTATCTTTACCTGTATTAGCTGGAGCTATTACTATATTATTAACAGATCGAAATTTAAATACATCATTCTTTGATCCGGCGGGAGGAGGAGACCCAGTATTATACCAACATCTTTTT"
"R926_253;size=1","COI","98.086","728","0","BLAST_CLOSE_MATCH","BOLD:ACX1094","Animalia_Arthropoda_Insecta_Diptera_Rhagionidae","AATAAATAACATAAGATTTTGACTACTACCTCCATCATTAACCTTATTGCTTTCTAGTAGTATAGTTGAAAATGGAGCGGGAACTGGATGGACTGTTTACCCACCTCTTTCAGCATCTATTGCACATGGAGGGGCTTCAGTTGATCTTGCTATTTTCTCACTTCATTTGGCTGGGATTTCTTCAATTTTAGGGGCAGTTAATTTTATTACAACTGTAATTAATATACGATCAACAGGAATTACTTTTGATCGTATACCTTTATTTGTGTGAGCTGTTGTAATTACTGCTATTTTATTGTTACTTTCATTACCTGTATTAGCTGGAGCTATTACTATACTATTAACTGATCGAAATTTAAATACATCTTTTTTTGACCCCGCTGGAGGGGGTGACCCAATTCTATATCAACATTTATTT"
"R9271_3;size=1","COI","98.804","745","0","BLAST_CLOSE_MATCH","BOLD:ABZ2954","Animalia_Arthropoda_Insecta_Lepidoptera_Geometridae_Neoalcis_Neoalcis californiaria","AATAAATAATATCAGATTTTGATTCTTACCACCCTCTCTCCCATTATTAATTTCTAGAAGAATTGTAGAAAATGGGGCTGGAACTGGTTGAACAGTGTACCCACCTTTATCTTCTAATATTGCTCACGGGGGAAGTTCAGTAGATTTAGCAATTTTTTCATTACATTTAGCTGGTATTTCATCAATTTTAGGTGCTATTAATTTTATTACAACAATTATTAATATACGATTAAATAATTTATCATTTGATCAAATACCCCTATTTGTTTGATCAGTTGGGATTACAGCATTTTTACTACTCTTATCATTACCAGTATTAGCAGGAGCTATTACAATATTATTAACTGATCGAAATTTAAATACCTCATTCTTTGACCCCGCTGGAGGAGGTGACCCAATTCTTTACCAACATTTATTT"
"R9275_3;size=1","COI","98.325","734","0","BLAST_CLOSE_MATCH","BOLD:AAC0675","Animalia_Arthropoda_Insecta_Hymenoptera_Vespidae_Dolichovespula_Dolichovespula arenaria","AATAAATAATATAAGATTTTGACTTCTTCCTCCTTCATTATTTTTACTCATTTTAAGAAATTTTATTGGAAGAGGTGTAGGAACTGGATGAACTCTTTATCCAACTTTATAATCAATTATAGGCCATAATTCACCTTCAGTAGATTTAGGAATTTTTTCTATTCATATTGCAGGAGTATCATCAATTATAGGATCAATTAATTTTATTGTTACAATTTTAAATATACACACTAAAACTCATTCATTAAATTTTTTACCATTATTTACATGATCAGTTTTAATTACAGCAATTCTTCTACTTTTATCATTACCAGTTTTAGCAGGAGCTATTACTATATTATTAACAGATCGAAATTTCAATACATCATTTTTTGATCCAACTGGAGGAGGAGATCCAATTCTTTATCAACATTTATTT"
"R9277_3;size=1","COI","97.847","723","0","BLAST_CLOSE_MATCH","BOLD:AAA2326","Animalia_Arthropoda_Insecta_Hymenoptera_Apidae_Apis_Apis mellifera","AATAAATAATATTAGATTTTGATTAGTTGCTCCCTCATTATTTATACTTTTATTAAGAAATTTATTTTATCCAAGACAAGGAACTGGATGAACAGTATATCCACCATTATCAGCATATTTATATCATTCTTCACCTTCAGTAGATTTTGCAATTTTTTCTCTTCATATATCAGGAATTTCCTCAATTATAGGATCATTAAACTTAATAGTTACAATTATAATAATAAAAAATTTTTCTATAAATTATGACCAAATTTCATTATTTCCATGATCAGTTTTTATTACAGCAATTTTATTAATTATATCATTACCTGTATTAGCTGGAGCAATTACTATACTATTATTTGATCGAAATTTTAATACATCATTTTTCGATCCTATAGGAGGTGGAGATCCAATTCTTTATCAACATTTATTT"
"R9279_3;size=1","COI","99.043","750","0","BLAST_EXACT_MATCH","BOLD:AAM6113","Animalia_Arthropoda_Insecta_Diptera_Cecidomyiidae","AATAAATAATATAAGATTCTGAATATTACCACCTTCTTTAACTTTATTATTAATTAGAGGTTTAGTAGAAACTGGAACTGGAACTGGGTGAACAATGTATCCTCCTTTATCTTCAATTATTGCTCATACAGGATCATCTGTAGATTTTTCTATTTTTTCTTTACATATTGCAGGAATTTCATCTATTTTAGGAGCAATTAATTTTATTTCTACAATAATAAATATAAAAATTAAATTCTTAAAATTTAATCAAATTTCTTTATTTGTTTGATCTATTTTAATTACAACAATTTTATTACTTCTTTCATTACCAGTTTTAGCTGGAGCTATTACTATATTATTAACTGACCGTAATTTAAATACTTCATTTTTTGATCCTATAGGAGGAGGAGACCCTGTTCTTTACCAACATTTATTT"
"R932_253;size=1","COI","99.043","750","0","BLAST_EXACT_MATCH","BOLD:ACI3443","Animalia_Arthropoda_Insecta_Diptera_Muscidae_Phaonia","ATTAAATAATATGAGATTTTGACTTTTACCTCCTGCTTTAATCTTATTACTAACTAGTAGTATAGTGGAAAACGGAGCTGGAACTGGATGAACTGTTTACCCACCTTTATCATCAAATGTAGCTCATAGAGGAGCTTCTGTTGATTTAGCAATTTTTTCTCTTCATCTAGCAGGTATTTCTTCTATTTTAGGAGCAGTTAATTTTATTACAACTGTAATTAATATACGATCAACAGGTATTACATTCGATCGTATACCTTTATTTGTATGATCTGTAGTAATTACAGCTTTGTTATTACTTTTATCTTTACCTGTATTAGCTGGAGCTATTACTATATTATTAACAGATCGAAATTTAAATACATCATTCTTTGATCCGGCGGGAGGAGGAGACCCAGTATTATACCAACATCTTTTT"
"R933_253;size=1","COI","99.043","750","0","BLAST_EXACT_MATCH","BOLD:ACI3443","Animalia_Arthropoda_Insecta_Diptera_Muscidae_Phaonia","ATTAAATAATATGAGCTTTTGACTTTTACCTCCTGCTTTAATCTTATTACTAACTAGTAGTATAGTGGAAAACGGAGCTGGAACTGGATGAACTGTTTACCAACCTTTATCATCAAATGTAGCTCATAGAGGAGCTTCTGTTGATTTAGCAATTTTTTCTCTTCATCTAGCAGGTATTTCTTCTATTTTAGGAGCAGTTAATTTTATTACAACTGTAATTAATATACGATCAACAGGTATTACATTCGATCGTATACCTTTATTTGTATGATCTGTAGTAATTACAGCTTTGTTATTACTTTTATCTTTACCTGTATTAGCTGGAGCTATTACTATATTATTAACAGATCGAAATTTAAATACATCATTCTTTGATCCGGCGGGAGGAGGAGACCCAGTATTATACCAACATCTTTTT"
"R934_253;size=1","COI","98.804","745","0","BLAST_CLOSE_MATCH","BOLD:ACI3443","Animalia_Arthropoda_Insecta_Diptera_Muscidae_Phaonia","ATTAAATAATATGAACTTTTGACTTTTACCTCCTGCTTTAATCTTATTACTAACTAGTAGTATAGTGGAAAACGGAGCTGGAACTGGATGAACTGTTTACCAACCTTTATCATCAAATGTAGCTCATAGAGGAGCTTCTGTTGATTTAGCAATTTTTTCTCTTCATCTAGCAGGTATTTCTTCTATTTTAGGAGCAGTTAATTTTATTACAACTGTAATTAATATACGATCAACAGGTATTACATTCGATCGTATACCTTTATTTGTATGATCTGTAGTAATTACAGCTTTGTTATTACTTTTATCTTTACCTGTATTAGCTGGAGCTATTACTATATTATTAACAGATCGAAATTTAAATACATCATTCTTTGATCCGGCGGGAGGAGGAGACCCAGTATTATACCAACATCTTTTT"
"R942_285;size=1","COI","97.857","721","0","BLAST_CLOSE_MATCH","BOLD:ACS9352","Animalia_Arthropoda_Insecta_Diptera_Mycetophilidae","AATAATATAAGATTCTGACTTCTCCCCCCCCCCCCCTCATTATTATTATTACTTTCAAGAAGAATAGTAGAAATAGGGGCGGGAACTGGTTGAACAGTATATCCACCCCTCTCATCAATAATTGCCCACAATGGAACTTCAGTAGATTTAACAATTTTCTCTTTACATTTAGCAGGAATTTCATCAATTTTGGGAGCTGTTAATTTTATCTCTACAATCTTAAATATACGATCTCCTGGTATTATTATTGAACGAATACCTTTATTTGTTTGATCAGTATTAATTACAGCTATTTTACTTTTATTATCATTACCTGTATTAGCTGGAGCTATTACTATATTATTAACTGACCGAAATTTAAATACTACTTTTTTTGATCCTATTGGAGGAGGAGATCCTTTATTATATCAACATCTATTT"
"R943_285;size=1","COI","100","771","0","BLAST_EXACT_MATCH","BOLD:ACG7665","Animalia_Arthropoda_Insecta_Diptera_Muscidae_Phaonia","TATAAATAATATAAGATTTTGACTTTTACCTCCTGCTTTAATCCTACTGCTAGTCAGTAGTATAGTGGAAAATGGGGCTGGTACAGGATGAACTGTTTACCCTCCCTTATCATCTAATGTAGCTCATAATGGAGCTTCTGTTGATTTAACAATTTTCTCCCTTCATTTAGCAGGAATTTCTTCAATTTTAGGGGCTGTTAATTTCATTACAACTGTAATTAATATACGTTCAACCGGAATTTCATTTGATCGTATGCCTCTATTCGTATGATCAGTTGCTATTACAGCTCTTCTATTACTTTTATCTCTCCCCGTTTTAGCTGGTGCTATTACTATACTATTAACAGATCGAAACCTAAATACTTCATTTTTCGACCCTGCAGGAGGAGGAGATCCTATTCTATATCAACACCTATTT"
"R944_285;size=1","COI","97.625","715","0","BLAST_CLOSE_MATCH","BOLD:ACS9352","Animalia_Arthropoda_Insecta_Diptera_Mycetophilidae","AATAATATAAGATTCTGACTTCTCCCCCCCCCCCCCCTCATTATTATTATTACTTTCAAGAAGAATAGTAGAAATAGGGGCGGGAACTGGTTGAACAGTATATCCACCCCTCTCATCAATAATTGCCCACAATGGAACTTCAGTAGATTTAACAATTTTCTCTTTACATTTAGCAGGAATTTCATCAATTTTGGGAGCTGTTAATTTTATCTCTACAATCTTAAATATACGATCTCCTGGTATTATTATTGAACGAATACCTTTATTTGTTTGATCAGTATTAATTACAGCTATTTTACTTTTATTATCATTACCTGTATTAGCTGGAGCTATTACTATATTATTAACTGACCGAAATTTAAATACTACTTTTTTTGATCCTATTGGAGGAGGAGATCCTTTATTATATCAACATCTATTT"
"R945_285;size=1","COI","95.933","678","0","BLAST_CLOSE_MATCH","BOLD:AAC2498","Animalia_Arthropoda_Insecta_Diptera_Muscidae_Helina_Helina evecta","AATAAATAATATAAGTTTTTGATTATTACCACCTTCTTTAACTTTATTATTAGTAAGAAGTATAGTAGAAAATGGAGCTGGAACAGGATGAACTGTTTACCCCCCTCTATCTTCTAATATTGCTCATAGAGGGGCTTCCGTTGATTTAGCTATTTTTTCTTTACATTTAGCTGGAATTTCTTCTATTTTAGGGGCTGTAAATTTTATTACTACTATTATTAATATACGATCAAAAGGAATTTCTTTTGATCGAATACCTTTATTTGTATGATCAGTTGCTATTACAGCTTTATTATTACTTTTATCTTTACCTGTATTAGCTGGAGCTATTACTATATTATTAACAGATCGAAATTTAAATACTTCATTTTTTGATCCTGCAGGAGGAGGAGATCCAATTTTATATCAACATTTATTT"
"R948_285;size=1","COI","99.043","750","0","BLAST_EXACT_MATCH","BOLD:ACS9352","Animalia_Arthropoda_Insecta_Diptera_Mycetophilidae","AATAAATAATATAAGATTCTGACTTCTCCCTCCCTCATTATTATTATTACTTTCAAGAAGAATAGTAGAAATAGGGGCGGGAACTGGTTGAACAGTATATCCACCCCTCTCATCAATAATTGCCCACAATGGAACTTCAGTAGATTTAACAATTTTCTCTTTACATTTAGCAGGAATTTCATCAATTTTGGGAGCTGTTAATTTTATCTCTACAATCTTAAATATACGATCTCCTGGTATTATTATTGAACGAATACCTTTATTTGTTTGATCAGTATTAATTACAGCTATTTTACTTTTATTATCATTACCTGTATTAGCTGGAGCTATTACTATATTATTAACTGACCGAAATTTAAATACTACTTTTTTTGATCCTATTGGAGGAGGAGATCCTTTATTATATCAACATCTATTT"
"R9497_8;size=1","COI","98.804","745","0","BLAST_CLOSE_MATCH","BOLD:AAJ2526","Animalia_Arthropoda_Arachnida_Araneae_Anyphaenidae_Anyphaena_Anyphaena pacifica","AATGAATAATTTAAGTTTTTGATTATTACCTTCTTCATTGTTTTTATTATTTATTTCTTCTATAGCTGAGATAGGAGTGGGAGCAGGTTGAACAGTTTATCCACCTTTATCTTCTAGAGTTGGTCATATAGGAAGAGCTGTGGATTTTGCTATTTTTTCTTTACATTTAGCCGGTGCTTCATATATTATAGGGGCTGTTAATTTTATTTCTACTGTAGTAAATATGCGTTCTGTAGGAATGACTTTTGAAAAGGTACCTCTGTTTGTTTGGTCTGTTTTAATTACAGCTATTTTATTGTTATTATCTCTTCCCGTATTAGCAGGAGCTATTACTATATTATTAACAGATCGAAATTTTAATACTTCATTTTTTGATCCTGCTGGAGGAGGAGATCCTATTTTATTTCAACATTTATTT"
"R9498_8;size=1","COI","98.804","745","0","BLAST_CLOSE_MATCH","BOLD:ACB9264","Animalia_Arthropoda_Insecta_Diptera_Cecidomyiidae","AATAAATAATATAAGATTTTGAATATTACCACCTTCTTTATCTTTATTATTAATTAGAAGAATAGTAGAAACTGGAACTGGAACTGGATGAACAGTCTATCCACCATTATCATCAATAATTGCCCATACAGGATCAGCTGTAGATTTTTCTATTTTTTCTTTACATATTGCAGGAATTTCATCAATTTTAGGGGCTATTAATTTTATTTCAACAATAATTAATATAAAAATTAAATTTTTAAAATTTAATCAAATTTCACTATTTGTTTGATCAATTTTAATTACTACAATTTTATTACTTTTATCTCTACCTATTTTAGCCGGAGCAATTACAATATTATTAACAGACCGAAATTTAAATACTTCTTTTTTTGACCCTATAGGAGGAGGAGATCCAATTCTTTATCAACATTTATTT"
"R9506_8;size=1","COI","99.281","754","0","BLAST_EXACT_MATCH","BOLD:AAI2885","Animalia_Arthropoda_Insecta_Hymenoptera_Ichneumonidae_Coleocentrus","TATAAATAATATAAGATTTTGATTATTACCTCCTTCTATTATTATTTTAATTTCTAGAAGAATTATAAATCAAGGAATAGGGACTGGATGAACAGTCTATCCTCCTTTATCTTCTAATTTAAATCATGAAGGTATATCAGTTGATTTAAGAATTTTTTCCCTCCATATAGCAGGTATATCCTCAATTATAGGAGCTATTAATTTTATTTCAACTATTTTCAATATACGACCTATTATAATTTCATTAGAAAATATTTCTTTATTTTCTTGATCAATTAAAATTACTGCAATTCTTCTATTATTAGCAGTTCCAGTATTAGCCGGAGCTATTACTATACTACTTACAGATCGTAACCTTAATACATCCTTTTTTGATCCTAGAGGTGGAGGAGACCCAATTCTCTATCAACATTTATTT"
"R9563_8;size=1","COI","94.737","651","0","BLAST_CLOSE_MATCH","BOLD:ACX1094","Animalia_Arthropoda_Insecta_Diptera_Rhagionidae","AATAAATAACATAAGATTTTGACTACTACCCCCATCATTGACCCTATTACTTTCTAGTAGTATAGTTGAAAATGGAGCAGGGACTGGATGAACTGTTTACCCACCCCTTTCAGCATCTATTGCGCATGGAGGAGCTTCAGTTGATCTTGCTATTTTCTCACTTCATTTAGCCGGGATTTCTTCAATTTTAGGGGCAGTTAATTTCATTACAACTGTAATTAATATGCGATCAACGGGAATTACTTTTGATCGCATACCTTTATTTGTGTGAGCTGTTGTAATTACTGCTATTTTATTACTACTTTCATTACCTGTATTAGCTGGGGCTATTACTATGCTATTAACTGATCGAAATTTAAATACATCTTTTTTTGACCCAGCTGGAGGGGGTGACCCAATTCTCTATCAACATTTATTT"
"R9564_8;size=1","COI","99.043","750","0","BLAST_EXACT_MATCH","BOLD:AAB6388","Animalia_Arthropoda_Insecta_Hymenoptera_Vespidae_Dolichovespula_Dolichovespula maculata","AATAAACAATATAAGATTTTGGCTCCTTCCACCATCATTATTTCTTTTAATTAGAAGAAGATTTATTAGTGGAGGTGTAGGAACGGGTTGAACCTTATATCCACCTCTTTCTTCTCTTATTGGACATAATTCTCCCTCAGTTGATTTAAGAATTTTTTCAATTCATATTGCTGGAATTTCATCAATTATAGGATCTATTAATTTTATTGTAACAATTTTAAATATACATACAAAAACTAATTCATTAAATTTTTTACCTTTATTTTCATGATCAGTTTTAATTACTGCTATTCTTTTAATTTTATCATTACCAGTTTTAGCTGGTGCAATTACTATATTATTATCTGATCGAAACTTTAATACATCATTTTTTGATCCTACAGGAGGAGGAGATCCAATCCTCTATCAACATTTATTC"
"R9573_8;size=1","COI","98.086","728","0","BLAST_CLOSE_MATCH","BOLD:ACX1094","Animalia_Arthropoda_Insecta_Diptera_Rhagionidae","AATAAATAACATAAGATTTTGACTACTACCTCCATCATTAACATTATTGCTTTCTAGTAGTATAGTTGAAAATGGAGCGGGAACTGGATGAACTGTTTACCCGCCTCTTTCAGCATCTATTGCACATGGAGGGGCTTCAGTTGATCTTGCTATTTTCTCACTTCATTTGGCTGGGATTTCTTCAATTTTAGGGGCAGTTAATTTTATTACAACTGTAATTAATATACGATCAACAGGAATTACCTTTGATCGTATACCTTTATTTGTGTGAGCTGTTGTAATTACTGCTATTTTATTGTTACTTTCATTACCTGTATTAGCTGGAGCTATTACTATACTATTAACTGATCGAAATTTAAATACATCTTTTTTTGACCCCGCTGGAGGGGGTGACCCAATTCTATATCAACATTTATTT"
"R9576_8;size=1","COI","99.522","760","0","BLAST_EXACT_MATCH","BOLD:AAC0675","Animalia_Arthropoda_Insecta_Hymenoptera_Vespidae_Dolichovespula_Dolichovespula arenaria","AATAAATAATATAAGATTTTGACTTCTTCCTCCTTCATTATTTTTACTCATTTAAGAAATTTTATTGGAAGAGGTGTAGGAACTGGATGAACTCTTTATCCACCTTTATCATCAATTATAGGTCATAATTCACCTTCAGTAGATTTAGGAATTTTTTCTATTCATATTGCAGGAGTATCATCAATTATAGGATCAATTAATTTTATTGTTACAATTTTAAATATACACACTAAAACTCATTCATTAAATTTTTTACCATTATTTACATGATCAGTTTTAATTACAGCAATTCTTCTTCTTTTATCATTACCAGTTTTAGCAGGGGCTATTACTATATTATTAACAGATCGAAATTTTAATACATCATTTTTTGATCCAACTGGAGGAGGAGATCCAATTCTTTATCAACATTTATTT"
"R9577_8;size=1","COI","97.368","712","0","BLAST_CLOSE_MATCH","BOLD:ACX1094","Animalia_Arthropoda_Insecta_Diptera_Rhagionidae","AATAAATAACATAAGATTTTGACTACTACCTCCATCATTAACATTATTGCTTTCTAGTAGTATAGTTGAAAATGGAGCGGGAACTGGATGAACTGTTTACCCACCTCTTTCAGCATCTATTGCGCATGGAGGGGCTTCAGTTGATCTTGCTATTTTCTCACTTCATTTGGCTGGAATTTCTTCAATTTTAGGAGCAGTTAATTTTATTACAACTGTAATTAATATACGATCAACAGGAATTACCTTTGATCGTATACCTTTATTTGTGTGAGCTGTTGTAATTACTGCTGTTTTATTGTTACTTTCATTACCTGTATTAGCTGGAGCTATTACTATGCTATTAACTGATCGAAATTTAAATACATCTTTTTTTGACCCCGCTGGAGGGGGTGACCCAATTCTATACCAACATTTATTT"
"R9683_4;size=1","COI","91.866","584","1.41e-165","BLAST_CLOSE_MATCH","BOLD:AAH2298","Animalia_Arthropoda_Insecta_Diptera_Asilidae_Nevadasilus_Nevadasilus auriannulatus","AATAAACAATATAAGATTCTGAATATTACCCCCCTCCCTAACTCTTCTCCTAGTAAGAAGTATAGTAGAAAATGGAGCTGGAACTGGGTGAACTGTATACCCTCCCCTATCAGCAGGAATTGCCCACGGAGGGCCCTCAGTAGATCTGGCAATTTTCTCCCTTCATTTAGCTGGAATCTCTTCTATTCTAGGAGCAGTAAACTTCATTACAACTGTAATTAACATACGATCAACAGGAATCACCTTTGACCGCATACCACTATTCGTATGATCAGTTGTAATTACAGCAGTACTTCTACTACTATCCCTACCAGTTCTTGCCGGAGCAATTACTATACTTTTAACAGACCGGAACTTAAACACATCCTTCTTTGACCCAGCTGGAGGAGGAGACCCAGTACTATACCAACATCTATTT"
"R9723_4;size=1","COI","99.043","750","0","BLAST_EXACT_MATCH","BOLD:AAG4571","Animalia_Arthropoda_Insecta_Diptera_Tabanidae_Hybomitra_Hybomitra rhombica","AATAAATAATATAAGATTTTGATTACTTCCCCCATCATTAACCCTTTTATTAGCCAGTAGTATAGTAGAAAACGGAGCTGGAACTGGATGAACAGTTTATCCACCTCTATCTGCTGCAATTGCTCATGGAGGAGGATCAGTTGATTTAGCAATTTTTTCTCTACATTTAGCAGGAATTTCTTCTATTTTAGGAGCTGTTAATTTTATTACGACTGTAATTAATATACGATCAACAGGAATTACATTTGACCGAATACCTTTATTTGTATGAGCAGTAGTAATTACAGCTATCCTTTTATTATTATCTTTACCAGTATTAGCAGGAGCTATTACTATACTTTTAACTGATCGAAATTTAAATACTTCATTTTTTGATCCAGCAGGAGGAGGAGATCCAATTTTATATCAACATTTATTT"
"R9778_11;size=1","COI",,,,"BLAST_NO_MATCH",,,"TATGAATAATTTAAGTTTTTGGTTATTAGTGTCATCTTTTATTTTGCTCATTCTCTCAGTGTTTATTGGTGAAGGTCCAGGTACAGGTTGGACTTTATATCCACCTCTATCACAGGTAATGTCCCATCCAAGTGCAGGAGTTGACATTGCTATACTTGCACTTCATGTTGCTGGTATGTCGTCAATTGTTGGGGCGATCAACTTTATAGTTACTATATTTAACATGCGCACAAAAGGAATGTCATTAACTAAGATGCCACTGTTTGTTTGGTCTGTCTTGCTAACAGCATTTATGTTGATTGTTGCCTTACCAGTGCTTGCCGGTGCTATAACTATGCTTCTTACTGATCGCAATGTTGGTACTTCCTTTTTTGATCCTGCCGGTGGTGGCGATCCTGTGTTATTTCAACATCTATTT"
"R9780_5;size=1","COI","98.565","739","0","BLAST_CLOSE_MATCH","BOLD:AAG2718","Animalia_Arthropoda_Insecta_Orthoptera_Rhaphidophoridae_Pristoceuthophilus_Pristoceuthophilus cercalis","AATAAACAATATAAGATTCTGACTACTCCCGCCTTCTTTAACCCTTTTATTGGCAAGTAGCCTAGTTGAAAATGGAGCTGGGACAGGTTGAACTGTATACCCTCCTCTATCAGCTGGAATTGCTCATGCTGGAGCATCTGTAGACTTAGCTATCTTTTCCTTACACTTAGCAGGAATTTCTTCAATTTTAGGAGCTGTGAACTTTATTACTACAACCATCAATATACGATCTCCAGGAATAAATTTTGACCAAATACCCTTATTTGTCTGATCTGTAGCTATTACCGCCTTACTCTTACTCCTTTCATTACCTGTATTAGCAGGAGCAATCACTATACTTTTAACTGACCGTAATCTAAATACCTCTTTTTTTGATCCTGCTGGTGGGGGTGATCCAATTCTCTATCAACATTTATTT"
"R9870_5;size=1","COI","95.455","667","0","BLAST_CLOSE_MATCH","BOLD:ACR6799","Animalia_Arthropoda_Insecta_Diptera_Cecidomyiidae","AATAAATAATATAAGATTTTGACTATTGCCCCCTTCTCTTACTTTACTATTAATAAGAAGATTAGTGGAAACAGGGACAGGGACAGGCTGAACAGTTTACCCTCCATTATCTTCAATTATTTCTCACACTGGGGCATCTGTAGACCTTTCTATTTTTTCTTTACACATGGCGGGAATTTCATCAATCTTAGGAGCAATTAATTTTATTACCACAATAATTAATATACGAATTAAATCAATTAAATTTGATCAGATTCCCCTATTCTCTTGATCAGTAATTATTACTGCTATTTTATTACTACTATCTTTACCGGTACTAGCAGGAGCTATTACTATACTGCTAACTGACCGAAACCTCAATACCTCTTTTTTTGACCCTAGAGGAGGGGGAGACCCAATTTTATACCAACATTTATTT"
"R9958_15;size=1","COI","98.325","734","0","BLAST_CLOSE_MATCH","BOLD:AAG2718","Animalia_Arthropoda_Insecta_Orthoptera_Rhaphidophoridae_Pristoceuthophilus_Pristoceuthophilus cercalis","AATAAACAATATAAGATTCTGGTTACTCCCACCTTCTCTAACCCTTTTATTGGCAAGTAGCCTAGTTGAAAACGGAGCTGGGACAGGTTGAACTGTATACCCTCCTCTATCAGCTAGAATTGCTCATGCTGGAGCATCCGTAGATTTAGCTATCTTCTCCTTACACTTAGCAGGAATTTCCTCAATTTTAGGAGCTGTAAACTTTATTACTACAACCATCAATATACGATCTCCAGGAATAAATTTTGACCAAATACCCTTATTTGTCTGATCTGTAGCTATTACCGCCTTACTCTTACTCCTTTCATTACCTGTATTAGCAGGAGCAATCACTATACTTTTAACTGACCGTAATCTAAATACCTCTTTTTTTGATCCTGCTGGTGGGGGTGATCCAATTCTCTATCAACATTTATTT"
"R9959_15;size=1","COI","99.043","750","0","BLAST_EXACT_MATCH","BOLD:AAA6013","Animalia_Arthropoda_Insecta_Lepidoptera_Geometridae_Plagodis_Plagodis pulveraria","AATAAATTATATAAGATTTTGATTATTACCGCCTTCTATTAAATTATTAATCTCAATTAGAATTGTAGAAAATGGAGCTGGGACTGGATGAACTGTATACCCCCCTTTATCATCTAACATTGCTCACGGAGGAAGATCAGTAGATTTAGCTATTTTTTCTTTACATTTAGCTGGTATTTCATCAATTTTAGGAGCTATTAATTTTATTACCACAATTATTAATATACGATTAAATAATTTATCATTTGATCAAATACCATTATTTGTTTGAGCTGTTGGTATTACAGCATTTTTATTATTATTATCCTTGCCAGTTTTAGCCGGAGCTATTACTATATTATTAACAGATCGAAATTTAAATACATCTTTTTTTGACCCAGCTGGAGGAGGAGATCCTATTTTATATCAACATTTATTT"
"R9960_2;size=1","COI","98.086","728","0","BLAST_CLOSE_MATCH","BOLD:AAG2718","Animalia_Arthropoda_Insecta_Orthoptera_Rhaphidophoridae_Pristoceuthophilus_Pristoceuthophilus cercalis","AATAAACAATATAAGATTCTGGTTACTCCCACCTTCTCTAACCCTTTTATTGGCAAGTAGCCTAGTTGAAAACGGAGCTGGGACAGGTTGAACTGTATACCCTCCTCTATCAGCTAGAATTGCTCATGCTGGAGCATCCGTAGATTTAGCTATCTTCTCCTTACACTTAGCAGGAATTTCCTCAATTTTAGGAGCTGTAAACTTTATCACTACAACCATCAATATACGATCTCCAGGAATAAATTTTGACCAAATACCCTTATTTGTCTGATCTGTAGCTATTACCGCCTTACTCTTACTCCTTTCATTACCTGTATTAGCAGGAGCAATCACTATACTTTTAACTGACCGTAATCTAAATACCTCTTTTTTTGATCCTGCTGGTGGGGGTGATCCAATTCTCTATCAACATTTATTT"
"R9961_2;size=1","COI","99.282","756","0","BLAST_EXACT_MATCH","BOLD:AAA6013","Animalia_Arthropoda_Insecta_Lepidoptera_Geometridae_Plagodis_Plagodis pulveraria","AATAAATTATATAAGATTTTGATTATTACCGCCTTCTATTAAATTATTAATCTCAATTAGAATTGTAGAAAATGGAGCTGGGACTGGATGAACTGTATACCCCCCTTTATCATCTAACATTGCTCACGGAGGAAGATCAGTAGATTTAGCTATTTTTTCTTTACATTTAGCTGGTATTTCATCAATTTTAGGGGCTATTAATTTTATTACCACAATTATTAATATACGATTAAATAATTTATCATTTGATCAAATACCATTATTTGTTTGAGCTGTTGGTATTACAGCATTTTTATTATTATTATCCTTGCCAGTTTTAGCCGGAGCTATTACTATATTATTAACAGATCGAAATTTAAATACATCTTTTTTTGACCCAGCTGGAGGAGGAGATCCTATTTTATATCAACATTTATTT"
"R996_137;size=1","COI","94.498","645","0","BLAST_CLOSE_MATCH","BOLD:ACX1094","Animalia_Arthropoda_Insecta_Diptera_Rhagionidae","AATAAATAACATAAGATTTTGACTACTACCCCCATCATTGACCCTATTACTTTCTAGCAGTATAGTTGAAAATGGAGCGGGAACTGGATGAACTGTTTACCCACCCCTTTCAGCATCTATTGCGCATGGAGGAGCTTCAGTTGATCTTGCTATTTTCTCACTTCATTTAGCCGGGATTTCTTCAATTTTAGGGGCAGTTAATTTCATTACAACTGTAATCAATATGCGATCAACGGGAATTACTTTTGATCGCATACCTTTATTTGTATGAGCTGTTGTAATTACTGCTATTTTATTACTACTTTCATTACCTGTATTAGCTGGGGCTATTACTATGCTATTAACTGATCGAAATTTAAATACATCTTTTTTTGACCCAGCTGGAGGGGGTGACCCAATTCTCTATCAACATTTATTT"
"R9986_13;size=1","COI","99.522","761","0","BLAST_EXACT_MATCH","BOLD:ACI5425","Animalia_Arthropoda_Insecta_Hemiptera_Aleyrodidae","TATAAATAATTTAAGATTTTGACTATTATTTCCATCTTTATTTTTTATGCTTGTAAGCCTCTTAGTTGATACGGGCAGGGGTACTGGCTGAACAGTATATCCACCACTTTCCATAAGGCTGGCCCATAGGGGCAGTTCTGTCGATTTTTCAATTATTTCTTTACATGTTGCTGGAGTTTCTTCTATTCTGGGATCGCTTAACTTTATTGTGACTATTGTTAATATACGAGTTTTGGGGATAAAAATAGAGTTTTTGTCTTTGTTTGTTTGGTCCGTTTTTATTACTGTTTTTTTGCTTTTAATTTCTCTTCCTGTGTTGGCGGGTGCTATTACTATACTTCTTCTGGACCGTAATTTTAATAGATCATTTTATGATCCTAGGGGCGGCGGCGATCCTATTTTATATCAACACTTGTTT"
"R9987_15;size=1","COI","97.608","723","0","BLAST_CLOSE_MATCH","BOLD:ACI7739","Animalia_Arthropoda_Arachnida_Opiliones_Phalangiidae_Leptobunus_Leptobunus parvulus","TTTAAATAATATAAGATTTTGATTACTTCCCCCCTCATTTCTACTACTGCTTTCTTCTACTATATTGGAAAATGGGGCAGGAACAGGGTGGACAGTCTATCCCCCTTTATCTAGAAACATTGCTCATACAGGAGCCTCCGTAGATCTTACAATTTTTTCATTACATTTAGCAGGTGTTTCCTCTATTCTAGGAGCTATTAATTTTATTACAACAATTATTAATATACGCACACATGGAATAATTATAGAACGTATACCCCTATTTGTTTGATCTGTAAAAATTACAGCTATCCTTCTTCTTTTATCTCTCCCTGTATTAGCAGGGGCCATTACAATATTATTAACAGACCGAAATTTTAACACATCTTTTTTTGATCCTGCAGGAGGAGGAGATCCTATTTTATATCAACACTTATTT"
"R9992_13;size=1","COI","89.234","523","3.13e-147","BLAST_WEAK_MATCH","BOLD:AAH2298","Animalia_Arthropoda_Insecta_Diptera_Asilidae_Nevadasilus_Nevadasilus auriannulatus","AATAAATAACATAAGTTTCTGATTACTACCCCCATCATTAACCCTTCTATTAGCCAGAAGAATAGTAGAAAATGGAGCTGGAACTGGGTGAACTGTATACCCTCCCCTATCAGCAGGAATTGCCCACGGAGGGCCCTCAGTAGATCTGGCAATTTTCTCCCTTCATTTAGCTGGAATCTCTTCTATTCTAGGAGCAGTAAACTTCATTACAACTGTAATTAACATACGATCAACAGGAATCACCTTTGACCGCATACCACTATTCGTATGATCAGTTGTAATTACAGCAGTACTTCTACTACTATCCCTACCAGTTCTTGCTGGAGCAATTACTATACTTTTAACAGACCGGAACTTAAACACATCCTTCTTTGACCCAGCTGGAGGAGGAGACCCAGTACTATACCAACATCTATTT"
