"otu","var.abs","varx.abs","value.abs","var.pos","varx.pos","value.pos"
"R1__Insecta_Diptera_Tabanidae_Hybomitra_rhombica_BOLD_AAG4571_size.14764","be30",6,0.091995923174586,"be30",6,0.091995923174586
"R1.68__Insecta_Diptera_Asilidae_Laphria_NA_BOLD_AAG6876_size.6856","Ess30",9,0.0574996663696702,"Ess30",9,0.0574996663696702
"R10017.3__Insecta_Hemiptera_Aphididae_Cinara_pseudotaxifoliae_BOLD_ABU8198_size.101","ndvi_p5_r500",17,0.0620781420704718,"ndvi_p5_r500",17,0.0620781420704718
"R10098__Insecta_Diptera_Mycetophilidae_Mycomya_NA_BOLD_ACJ6978_size.215","tri30",7,0.0606914020111759,"tri30",7,0.0606914020111759
"R10161.4__Insecta_Diptera_Mycetophilidae_Cordyla_NA_BOLD_AAP6493_size.176","lg_DistStream",24,0.0511914547162091,"lg_DistStream",24,0.0511914547162091
"R10178.4__Insecta_Diptera_Cecidomyiidae_NA_NA_BOLD_ACC2335_size.24","cut_r250",3,0.0592205148658812,"cut_r250",3,0.0592205148658812
"R10463.8__Insecta_Lepidoptera_Yponomeutidae_Eucalantica_polita_BOLD_AAB6103_size.46","be30",6,0.0588426644092102,"be30",6,0.0588426644092102
"R10545__Insecta_Diptera_Muscidae_Phaonia_NA_BOLD_ABU9891_size.2","lg_DistRoad",25,0.0546369528533097,"lg_DistRoad",25,0.0546369528533097
"R10790__Insecta_Diptera_Sciaridae_NA_NA_BOLD_ACC1657_size.68","lg_DistRoad",25,0.0872649939097246,"lg_DistRoad",25,0.0872649939097246
"R10952__Insecta_Diptera_Cecidomyiidae_NA_NA_BOLD_ACC1523_size.20","ndvi_p95_r250",20,0.0799873792572904,"ndvi_p95_r250",20,0.0799873792572904
"R10996__Arachnida_Araneae_Gnaphosidae_Sergiolus_montanus_BOLD_AAP4007_size.311","nbr_stdDev_r250",15,0.0583139208713265,"nbr_stdDev_r250",15,0.0583139208713265
"R1306.3__Arachnida_Araneae_Anyphaenidae_Anyphaena_pacifica_BOLD_AAJ2526_size.3672","lg_DistStream",24,0.0806485244609826,"lg_DistStream",24,0.0806485244609826
"R1423.113__Insecta_Coleoptera_NA_NA_NA_BOLD_ACI2933_size.19","twi30",10,0.0718859097006125,"twi30",10,0.0718859097006125
"R1519.2__Insecta_Diptera_NA_NA_NA_BOLD_ACX8657_size.2595","lg_DistRoad",25,0.0771512831008034,"lg_DistRoad",25,0.0771512831008034
"R1570.177__Insecta_Diptera_Phoridae_Megaselia_NA_BOLD_ACI7290_size.24","nbr_stdDev_r250",15,0.0513057323063374,"nbr_stdDev_r250",15,0.0513057323063374
"R1581.186__Insecta_Coleoptera_Scraptiidae_NA_NA_BOLD_ABX2446_size.20","Ess30",9,0.0589177227951078,"Ess30",9,0.0589177227951078
"R1583.112__Insecta_Diptera_Sphaeroceridae_NA_NA_BOLD_ACP8985_size.2","l_rumple",14,0.0521881631449659,"l_rumple",14,0.0521881631449659
"R1626.92__Insecta_Lepidoptera_Gelechiidae_Coleotechnites_NA_BOLD_AAW5246_size.243","tri30",7,0.0521282756753659,"tri30",7,0.0521282756753659
"R1631.2__Insecta_Coleoptera_Cerambycidae_Leptura_obliterata_BOLD_AAG5563_size.32225","lg_DistStream",24,0.084103496292323,"lg_DistStream",24,0.084103496292323
"R1646.3__Insecta_Diptera_Tabanidae_Chrysops_NA_BOLD_AAG4564_size.2038","twi30",10,0.0566785443434834,"twi30",10,0.0566785443434834
"R1693.110__Insecta_Lepidoptera_Gelechiidae_Neotelphusa_NA_BOLD_AAA6353_size.103","lg_cover4m_16m",28,0.0626461925342662,"lg_cover4m_16m",28,0.0626461925342662
"R1733.25__Insecta_Hymenoptera_Ichneumonidae_NA_NA_BOLD_ACF5187_size.90","cut_r1k",2,0.0583655792943677,"cut_r1k",2,0.0583655792943677
"R1739.2__Insecta_Coleoptera_Elateridae_Gamepenthes_NA_BOLD_ACI5218_size.1948","lg_DistRoad",25,0.0896520947197004,"lg_DistRoad",25,0.0896520947197004
"R1778.25__Insecta_Coleoptera_Cerambycidae_Pidonia_scripta_BOLD_AAD6095_size.71","tpi1k",12,0.0668355578392537,"tpi1k",12,0.0668355578392537
"R1891.25__Insecta_Hymenoptera_Apidae_Bombus_sitkensis_BOLD_AAI4757_size.45","lg_cover2m_4m",27,0.0695518175196032,"lg_cover2m_4m",27,0.0695518175196032
"R1904.2__Insecta_Hymenoptera_Ichneumonidae_NA_NA_BOLD_ACE8616_size.791","be30",6,0.0631940492325901,"be30",6,0.0631940492325901
"R1912.205__Insecta_Neuroptera_Hemerobiidae_Hemerobius_NA_BOLD_ACZ4269_size.13","be30",6,0.0617474059389791,"be30",6,0.0617474059389791
"R1952.2__Insecta_Lepidoptera_Geometridae_Plagodis_pulveraria_BOLD_AAA6013_size.2395","lg_DistRoad",25,0.0675296800579233,"lg_DistRoad",25,0.0675296800579233
"R2002.2__Arachnida_Araneae_Gnaphosidae_Orodrassus_canadensis_BOLD_ACD2419_size.31","lg_cover2m_max",26,0.0665469404194344,"lg_cover2m_max",26,0.0665469404194344
"R2132.10__Insecta_Coleoptera_NA_NA_NA_BOLD_ADC1012_size.170","lg_DistRoad",25,0.0817518725653441,"lg_DistRoad",25,0.0817518725653441
"R2197.71__Insecta_Diptera_Sciaridae_Bradysia_placida_BOLD_ACR4350_size.42","be30",6,0.0559176434824522,"be30",6,0.0559176434824522
"R2339.2__Insecta_Diptera_Tabanidae_Chrysops_NA_BOLD_AAP7670_size.2174","twi30",10,0.061690892693742,"twi30",10,0.061690892693742
"R2352__Insecta_Hemiptera_Aphididae_Cinara_splendens_BOLD_AAL7025_size.391","l_rumple",14,0.0757973037115041,"l_rumple",14,0.0757973037115041
"R2420__Insecta_Hymenoptera_Vespidae_Dolichovespula_maculata_BOLD_AAB6388_size.239475","be30",6,0.0903596625996907,"be30",6,0.0903596625996907
"R2457.69__Insecta_Diptera_Cecidomyiidae_NA_NA_BOLD_ACB9005_size.14","lg_cover4m_16m",28,0.0607399596418874,"lg_cover4m_16m",28,0.0607399596418874
"R2460.5__Insecta_Diptera_Muscidae_Helina_evecta_BOLD_AAC2498_size.2189","l_rumple",14,0.0606008241207859,"l_rumple",14,0.0606008241207859
"R2500.5__Insecta_Hymenoptera_Formicidae_Lasius_NA_BOLD_AAE1550_size.1938","ndvi_p50_r500",19,0.0571495190513,"ndvi_p50_r500",19,0.0571495190513
"R2583.137__Insecta_Lepidoptera_Argyresthiidae_Argyresthia_NA_BOLD_AAF5253_size.15","l_rumple",14,0.0626150838360057,"l_rumple",14,0.0626150838360057
"R2585.64__Insecta_Psocodea_Psocidae_Loensia_NA_BOLD_ACC5693_size.613","be30",6,0.0571264167195318,"be30",6,0.0571264167195318
"R2694.5__Insecta_Coleoptera_Cerambycidae_Stenostrophia_NA_BOLD_ABW6219_size.1211","ndvi_p95_r250",20,0.0656357838147853,"ndvi_p95_r250",20,0.0656357838147853
"R2775.3__Insecta_Hymenoptera_Ichneumonidae_NA_NA_BOLD_ACI9191_size.2219","ndvi_p5_r500",17,0.0786367409747934,"ndvi_p5_r500",17,0.0786367409747934
"R2833.3__Insecta_Hymenoptera_Ichneumonidae_NA_NA_BOLD_ACG4506_size.666","lg_DistStream",24,0.0693966086293323,"lg_DistStream",24,0.0693966086293323
"R2850.3__Insecta_Hymenoptera_Ichneumonidae_NA_NA_BOLD_ACT8296_size.525","LC08_045029_20180726_B1",22,0.0663376063675804,"LC08_045029_20180726_B1",22,0.0663376063675804
"R2925.21__Insecta_Diptera_NA_NA_NA_BOLD_AAZ4857_size.126","LC08_045029_20180726_B5",23,0.0849424846553689,"LC08_045029_20180726_B5",23,0.0849424846553689
"R2934.4__Arachnida_Opiliones_Phalangiidae_Leptobunus_NA_BOLD_ACI7739_size.4161","tri30",7,0.0629860069866854,"tri30",7,0.0629860069866854
"R2962.90__Insecta_Hemiptera_Miridae_Phytocoris_NA_BOLD_AAG8886_size.20","l_rumple",14,0.0665641517940497,"l_rumple",14,0.0665641517940497
"R2987.3__Insecta_Coleoptera_Cerambycidae_Lepturopsis_dolorosa_BOLD_AAJ1376_size.5036","l_p25",13,0.0604300009527449,"l_p25",13,0.0604300009527449
"R3027.4__Insecta_Lepidoptera_Gelechiidae_Bryotropha_NA_BOLD_AAC5850_size.177","lg_DistRoad",25,0.0728609299236732,"lg_DistRoad",25,0.0728609299236732
"R3062.20__Insecta_Diptera_Mycetophilidae_Cordyla_NA_BOLD_ABW9771_size.1183","l_rumple",14,0.0678352761660836,"l_rumple",14,0.0678352761660836
"R3124.48__Insecta_Diptera_Tabanidae_Hybomitra_NA_BOLD_ACG6460_size.1312","lg_cover2m_4m",27,0.0641260255919551,"lg_cover2m_4m",27,0.0641260255919551
"R3129.67__Insecta_Diptera_Chloropidae_Dasyopa_NA_BOLD_ADI1308_size.55","ndvi_p5_r500",17,0.0610350384093788,"ndvi_p5_r500",17,0.0610350384093788
"R3179.5__Insecta_Lepidoptera_Tineidae_NA_NA_BOLD_ADC2083_size.698","lg_DistRoad",25,0.0906121358454504,"lg_DistRoad",25,0.0906121358454504
"R3201.2__Insecta_Diptera_Keroplatidae_NA_NA_BOLD_ACX2568_size.1537","be30",6,0.0947207378593373,"be30",6,0.0947207378593373
"R3258.88__Insecta_Hemiptera_Aphididae_Essigella_wilsoni_BOLD_ACC4249_size.13","ndvi_p5_r500",17,0.0609978440398221,"ndvi_p5_r500",17,0.0609978440398221
"R3301.82__Insecta_Lepidoptera_Geometridae_Pero_NA_BOLD_AAA5527_size.1971","tpi1k",12,0.0573966403650606,"tpi1k",12,0.0573966403650606
"R3462.2__Insecta_Hymenoptera_Vespidae_Dolichovespula_norvegicoides_BOLD_AAB9565_size.30305","tri30",7,0.077833826704389,"tri30",7,0.077833826704389
"R3500.3__Insecta_Hymenoptera_Apidae_Bombus_sitkensis_BOLD_ACU8557_size.1191","LC08_045029_20180726_B5",23,0.066021910242094,"LC08_045029_20180726_B5",23,0.066021910242094
"R3540.4__Insecta_Lepidoptera_Geometridae_Ceratodalia_gueneata_BOLD_AAA5705_size.21947","ndvi_p95_r250",20,0.0785991644621478,"ndvi_p95_r250",20,0.0785991644621478
"R3651.2__Insecta_Diptera_Syrphidae_Melanostoma_mellinum_BOLD_AAB2866_size.493","tpi1k",12,0.0578237752094496,"tpi1k",12,0.0578237752094496
"R3738.2__Insecta_Hemiptera_Achilidae_Synecdoche_nemoralis_BOLD_AAV0215_size.668","l_rumple",14,0.0711062192677896,"l_rumple",14,0.0711062192677896
"R3760.2__Insecta_Lepidoptera_Geometridae_Melanolophia_imitata_BOLD_AAA4550_size.387","cut40_r250",5,0.0604712235344622,"cut40_r250",5,0.0604712235344622
"R3812.3__Insecta_Lepidoptera_Geometridae_Ultralcis_latipennis_BOLD_AAC8430_size.460","be30",6,0.0756459293674374,"be30",6,0.0756459293674374
"R3819.2__Insecta_Lepidoptera_Tortricidae_Orthotaenia_undulana_BOLD_AAB4022_size.133","cut_r1k",2,0.056242625539135,"cut_r1k",2,0.056242625539135
"R3842.2__Insecta_Hymenoptera_Vespidae_Eumenes_consobrinus_BOLD_AAG9053_size.3920","l_rumple",14,0.0686989677748052,"l_rumple",14,0.0686989677748052
"R3851.4__Insecta_Hymenoptera_Scelionidae_Telenomus_NA_BOLD_ACX1641_size.80","ndvi_p5_r100",16,0.0627034116367788,"ndvi_p5_r100",16,0.0627034116367788
"R3862.4__Insecta_Hymenoptera_Pompilidae_Aporus_NA_BOLD_ACQ4467_size.768","be30",6,0.0605838841281099,"be30",6,0.0605838841281099
"R3869.44__Insecta_Hymenoptera_Ichneumonidae_NA_NA_BOLD_ABY7035_size.576","tpi1k",12,0.0674137112990955,"tpi1k",12,0.0674137112990955
"R3899.2__Insecta_Coleoptera_Coccinellidae_Cycloneda_polita_BOLD_ACA6292_size.978","LC08_045029_20180726_B5",23,0.0661391739602767,"LC08_045029_20180726_B5",23,0.0661391739602767
"R3928.2__Insecta_Diptera_Keroplatidae_NA_NA_BOLD_ACU5785_size.389","insideHJA",29,0.0654942185670003,"insideHJA",29,0.0654942185670003
"R3962.3__Insecta_Coleoptera_Cleridae_Enoclerus_NA_BOLD_AAG5716_size.257","twi30",10,0.082895395744735,"twi30",10,0.082895395744735
"R3973.21__Insecta_Diptera_Mycetophilidae_Cordyla_NA_BOLD_ACB6454_size.24","l_rumple",14,0.0601214531299326,"l_rumple",14,0.0601214531299326
"R4008.2__Insecta_Psocodea_Amphipsocidae_Polypsocus_corruptus_BOLD_AAM8933_size.41","tri30",7,0.060200343464285,"tri30",7,0.060200343464285
"R4045.2__Insecta_Lepidoptera_Blastobasidae_Blastobasis_glandulella_BOLD_AAG8588_size.365","lg_DistRoad",25,0.0823597206809284,"lg_DistRoad",25,0.0823597206809284
"R4065.4__Insecta_Diptera_Cecidomyiidae_NA_NA_BOLD_ADC1777_size.80","be30",6,0.0671315347535174,"be30",6,0.0671315347535174
"R4069.6__Insecta_Diptera_Rhagionidae_NA_NA_BOLD_ACX1094_size.14821","tpi1k",12,0.117516174100086,"tpi1k",12,0.117516174100086
"R4086.4__Insecta_Diptera_Sciaridae_Hyperlasion_wasmanni_BOLD_ACX4194_size.392","be30",6,0.0753914795367185,"be30",6,0.0753914795367185
"R4091.6__Insecta_Diptera_Asilidae_Nevadasilus_NA_BOLD_AAH2298_size.3235","nbr_stdDev_r250",15,0.0617681516184378,"nbr_stdDev_r250",15,0.0617681516184378
"R4099.21__Arachnida_Araneae_Philodromidae_Philodromus_oneida_BOLD_AAN9004_size.80","be30",6,0.0557974633038786,"be30",6,0.0557974633038786
"R4118.30__Insecta_Lepidoptera_Crambidae_Eudonia_NA_BOLD_AAD2838_size.1487","tpi250",11,0.0705158236241081,"tpi250",11,0.0705158236241081
"R4122.6__Insecta_Orthoptera_Rhaphidophoridae_Pristoceuthophilus_cercalis_BOLD_AAG2718_size.7140","tri30",7,0.0692716892410344,"tri30",7,0.0692716892410344
"R4148.86__Insecta_Coleoptera_Throscidae_Aulonothroscus_NA_BOLD_AAU7339_size.6","l_rumple",14,0.0665987228364844,"l_rumple",14,0.0665987228364844
"R4211.4__Insecta_Coleoptera_Elateridae_Hemicrepidius_NA_BOLD_ACG6952_size.3888","nbr_stdDev_r250",15,0.0588767778013688,"nbr_stdDev_r250",15,0.0588767778013688
"R4213.5__Insecta_Coleoptera_Cerambycidae_Necydalis_laevicollis_BOLD_ACT4277_size.998","twi30",10,0.0493702130734508,"twi30",10,0.0493702130734508
"R4278.5__Insecta_Raphidioptera_Raphidiidae_Agulla_NA_BOLD_ACA6997_size.2491","gt4_500",1,0.0720374085415993,"gt4_500",1,0.0720374085415993
"R4306.8__Insecta_Diptera_Keroplatidae_NA_NA_BOLD_ACV7181_size.65","lg_DistRoad",25,0.0648065629535975,"lg_DistRoad",25,0.0648065629535975
"R4314.8__Insecta_Diptera_Chironomidae_NA_NA_BOLD_ACB9301_size.860","insideHJA",29,0.0880181655828751,"insideHJA",29,0.0880181655828751
"R4391__Insecta_Diptera_Mycetophilidae_Syntemna_NA_BOLD_ACN8370_size.116","tpi250",11,0.0621401075391043,"tpi250",11,0.0621401075391043
"R4409__Insecta_Diptera_Keroplatidae_NA_NA_BOLD_ACJ0826_size.2301","tpi250",11,0.0919124245006462,"tpi250",11,0.0919124245006462
"R4439.18__Insecta_Lepidoptera_Blastobasidae_Hypatopa_simplicella_BOLD_AAB9632_size.414","gt4_500",1,0.0700742748046636,"gt4_500",1,0.0700742748046636
"R4490.39__Insecta_Psocodea_NA_NA_NA_BOLD_ACD8202_size.350","cut_r1k",2,0.0840115902077868,"cut_r1k",2,0.0840115902077868
"R4490.7__Insecta_Coleoptera_Elateridae_Pseudanostirus_propolus_BOLD_ACG1380_size.65","tpi250",11,0.0662682346526858,"tpi250",11,0.0662682346526858
"R4527.20__Insecta_Coleoptera_Cleridae_Enoclerus_NA_BOLD_ACI7539_size.962","LC08_045029_20180726_B5",23,0.0861873613486392,"LC08_045029_20180726_B5",23,0.0861873613486392
"R4590.7__Insecta_Lepidoptera_Ypsolophidae_Ypsolopha_rubrella_BOLD_AAF5804_size.376","LC08_045029_20180726_B5",23,0.0595932822724512,"LC08_045029_20180726_B5",23,0.0595932822724512
"R4633.2__Insecta_Lepidoptera_Geometridae_Scopula_quinquelinearia_BOLD_ACF4078_size.286","twi30",10,0.0559419844352321,"twi30",10,0.0559419844352321
"R4748.5__Insecta_Lepidoptera_Tortricidae_Acleris_curvalana_BOLD_AAB0267_size.583","twi30",10,0.0623126865055464,"twi30",10,0.0623126865055464
"R475__Insecta_Diptera_Tipulidae_NA_NA_BOLD_ACY1009_size.1047","lg_DistRoad",25,0.0691570681201049,"lg_DistRoad",25,0.0691570681201049
"R4774.5__Insecta_Coleoptera_Elateridae_Hemicrepidius_NA_BOLD_ACJ3091_size.314","be30",6,0.0596049628364355,"be30",6,0.0596049628364355
"R4798.30__Insecta_Coleoptera_Lampyridae_Phausis_NA_BOLD_ACC3124_size.132","LC08_045029_20180726_B1",22,0.0737948478068245,"LC08_045029_20180726_B1",22,0.0737948478068245
"R4800.7__Insecta_Lepidoptera_Tineidae_Morophagoides_burkerella_BOLD_AAD9378_size.837","LC08_045029_20180726_B5",23,0.0598670448770245,"LC08_045029_20180726_B5",23,0.0598670448770245
"R4865.39__Arachnida_Araneae_Philodromidae_Philodromus_rufus_BOLD_AAB2769_size.37","LC08_045029_20180726_B5",23,0.0598385433600028,"LC08_045029_20180726_B5",23,0.0598385433600028
"R4915.24__Insecta_Coleoptera_NA_NA_NA_BOLD_ACI6600_size.282","ndvi_p50_r100",18,0.0563128087909007,"ndvi_p50_r100",18,0.0563128087909007
"R4933.20__Insecta_Hymenoptera_Ichneumonidae_Helcostizus_NA_BOLD_ACI8855_size.24","lg_DistStream",24,0.0536109937551392,"lg_DistStream",24,0.0536109937551392
"R4943.5__Insecta_Coleoptera_Scraptiidae_Anaspis_rufa_BOLD_AAP7041_size.1929","ndvi_p50_r500",19,0.0850876361176887,"ndvi_p50_r500",19,0.0850876361176887
"R4954.8__Insecta_Hymenoptera_Diprionidae_Neodiprion_NA_BOLD_ACJ5807_size.432","lg_cover2m_max",26,0.063199102036021,"lg_cover2m_max",26,0.063199102036021
"R4982.7__Insecta_Diptera_Syrphidae_Chrysotoxum_NA_BOLD_AAA7273_size.3709","be30",6,0.064519163895998,"be30",6,0.064519163895998
"R5007.18__Insecta_Diptera_Limoniidae_NA_NA_BOLD_AAV1806_size.331","ndvi_p95_r250",20,0.065951365288288,"ndvi_p95_r250",20,0.065951365288288
"R5032.18__Insecta_Diptera_Chironomidae_NA_NA_BOLD_AAP8994_size.83","lg_DistRoad",25,0.0842956884306821,"lg_DistRoad",25,0.0842956884306821
"R5034.12__Insecta_Coleoptera_Elateridae_Athous_sierrae_BOLD_AAP7790_size.808","tpi1k",12,0.0633036127550859,"tpi1k",12,0.0633036127550859
"R5061__Insecta_Diptera_Sciaridae_Bradysia_browni_BOLD_ACD0175_size.1916","lg_DistRoad",25,0.101216312873311,"lg_DistRoad",25,0.101216312873311
"R5069.66__Insecta_Hymenoptera_Formicidae_Camponotus_vicinus_BOLD_AAC9519_size.53","insideHJA",29,0.0642107856763138,"insideHJA",29,0.0642107856763138
"R5073.9__Insecta_Lepidoptera_Oecophoridae_Denisia_haydenella_BOLD_AAD4867_size.227","be30",6,0.0802598838314341,"be30",6,0.0802598838314341
"R5088.20__Insecta_Hymenoptera_Ichneumonidae_Aplomerus_NA_BOLD_ACB1489_size.202","ndvi_p50_r100",18,0.0598981647839231,"ndvi_p50_r100",18,0.0598981647839231
"R5100.2__Insecta_Diptera_Syrphidae_Eupeodes_NA_BOLD_AAB2384_size.717","lg_cover2m_max",26,0.0835421680613742,"lg_cover2m_max",26,0.0835421680613742
"R5132.18__Insecta_Hymenoptera_Braconidae_Dinotrema_NA_BOLD_ABX5161_size.8","tri30",7,0.0574057070149337,"tri30",7,0.0574057070149337
"R5147__Insecta_Diptera_Mycetophilidae_Mycomya_NA_BOLD_ACC0280_size.35","lg_cover2m_4m",27,0.0607351245053109,"lg_cover2m_4m",27,0.0607351245053109
"R5249.37__Insecta_Diptera_Cecidomyiidae_NA_NA_BOLD_ACB9287_size.71","gt4_500",1,0.0788129645182225,"gt4_500",1,0.0788129645182225
"R5293__Insecta_Hymenoptera_Ichneumonidae_NA_NA_BOLD_ACB1534_size.1410","lg_DistRoad",25,0.0625495737978907,"lg_DistRoad",25,0.0625495737978907
"R5369.9__Insecta_Coleoptera_Ampedidae_Ampedus_phoenicopterus_BOLD_ACA3174_size.317","tpi1k",12,0.0765076674238707,"tpi1k",12,0.0765076674238707
"R5374__Insecta_Hymenoptera_Ichneumonidae_NA_NA_BOLD_ACE5353_size.1485","tpi1k",12,0.0657089761554997,"tpi1k",12,0.0657089761554997
"R5403__Insecta_Hymenoptera_Ichneumonidae_NA_NA_BOLD_ACT6419_size.291","gt4_500",1,0.0683736841415075,"gt4_500",1,0.0683736841415075
"R5415.8__Insecta_Diptera_Cecidomyiidae_NA_NA_BOLD_ACC1724_size.183","cut_r1k",2,0.0816936379712494,"cut_r1k",2,0.0816936379712494
"R5443.9__Insecta_Lepidoptera_Gelechiidae_Coleotechnites_piceaella_BOLD_AAA5953_size.126","tri30",7,0.0608218103030756,"tri30",7,0.0608218103030756
"R5478.25__Insecta_Coleoptera_Cerambycidae_Pidonia_quadrata_BOLD_AAD4910_size.62","cut_r1k",2,0.0515911823720648,"cut_r1k",2,0.0515911823720648
"R5480.10__Insecta_Diptera_Sciaridae_Cratyna_NA_BOLD_ACG6762_size.64","nbr_stdDev_r250",15,0.0646344737970435,"nbr_stdDev_r250",15,0.0646344737970435
"R5487__Insecta_Diptera_Cecidomyiidae_NA_NA_BOLD_ACB9264_size.260","LC08_045029_20180726_B1",22,0.0896956281027841,"LC08_045029_20180726_B1",22,0.0896956281027841
"R5499__Insecta_Hymenoptera_Ichneumonidae_NA_NA_BOLD_AAU8873_size.147","l_p25",13,0.0654358588896248,"l_p25",13,0.0654358588896248
"R5506.16__Insecta_Diptera_Phoridae_Megaselia_NA_BOLD_ACT8182_size.18","tpi250",11,0.0538011391475427,"tpi250",11,0.0538011391475427
"R5508.8__Insecta_Diptera_Cecidomyiidae_NA_NA_BOLD_AAM6113_size.700","lg_DistRoad",25,0.0988027342892041,"lg_DistRoad",25,0.0988027342892041
"R5519.10__Insecta_Coleoptera_NA_NA_NA_BOLD_AAL8070_size.32","be30",6,0.051433742913898,"be30",6,0.051433742913898
"R5526.10__Insecta_Coleoptera_NA_NA_NA_BOLD_ACI9871_size.503","lg_DistRoad",25,0.0610174861247962,"lg_DistRoad",25,0.0610174861247962
"R5527__Insecta_Diptera_Tabanidae_Hybomitra_NA_BOLD_AAB1544_size.20881","LC08_045029_20180726_B5",23,0.0552175221484022,"LC08_045029_20180726_B5",23,0.0552175221484022
"R5549.3__Insecta_Diptera_Cecidomyiidae_NA_NA_BOLD_ACB8810_size.194","LC08_045029_20180726_B5",23,0.0764988009742278,"LC08_045029_20180726_B5",23,0.0764988009742278
"R5559.3__Insecta_Coleoptera_Scraptiidae_Anaspis_NA_BOLD_AAP7056_size.440","LC08_045029_20180726_B5",23,0.0669595219990623,"LC08_045029_20180726_B5",23,0.0669595219990623
"R5612.3__Insecta_Psocodea_Caeciliusidae_Valenzuela_NA_BOLD_AAP4630_size.1398","lg_DistRoad",25,0.0884221538385564,"lg_DistRoad",25,0.0884221538385564
"R5669.21__Insecta_Hemiptera_NA_NA_NA_BOLD_AAZ3083_size.108","l_rumple",14,0.069874815966717,"l_rumple",14,0.069874815966717
"R5701.3__Insecta_Diptera_Cecidomyiidae_NA_NA_BOLD_AAU9541_size.8","lg_DistRoad",25,0.0769250470352305,"lg_DistRoad",25,0.0769250470352305
"R5713.14__Insecta_Diptera_Syrphidae_Parasyrphus_relictus_BOLD_AAL3233_size.1357","ndmi_p95_r100",21,0.0700474257361192,"ndmi_p95_r100",21,0.0700474257361192
"R5718.21__Insecta_Lepidoptera_Blastobasidae_Hypatopa_NA_BOLD_ABW8333_size.187","be30",6,0.061588382480065,"be30",6,0.061588382480065
"R5735.7__Insecta_Diptera_Empididae_Rhamphomyia_NA_BOLD_AAP2862_size.125","insideHJA",29,0.0675311504403053,"insideHJA",29,0.0675311504403053
"R5765.3__Insecta_Coleoptera_NA_NA_NA_BOLD_AAP7198_size.122","LC08_045029_20180726_B1",22,0.0860108167383588,"LC08_045029_20180726_B1",22,0.0860108167383588
"R5800.32__Insecta_Diptera_Cecidomyiidae_NA_NA_BOLD_ACT5330_size.34","tri30",7,0.0728204580018417,"tri30",7,0.0728204580018417
"R5808.20__Insecta_Neuroptera_Hemerobiidae_Hemerobius_stigma_BOLD_AAG0891_size.166","ndvi_p50_r500",19,0.0671474061737809,"ndvi_p50_r500",19,0.0671474061737809
"R5811.2__Insecta_Raphidioptera_Raphidiidae_Agulla_unicolor_BOLD_ACA6995_size.789","ndvi_p95_r250",20,0.0793224154604139,"ndvi_p95_r250",20,0.0793224154604139
"R5861.2__Insecta_Diptera_Keroplatidae_NA_NA_BOLD_AAP9077_size.407","cut_r250",3,0.0543668702990653,"cut_r250",3,0.0543668702990653
"R5909.2__Insecta_Diptera_Phoridae_Megaselia_NA_BOLD_ACU6891_size.195","l_rumple",14,0.0513428401495142,"l_rumple",14,0.0513428401495142
"R5928.2__Insecta_Lepidoptera_Copromorphidae_Ellabella_editha_BOLD_ABX3483_size.558","tri30",7,0.0725320997203451,"tri30",7,0.0725320997203451
"R5947.2__Insecta_Hymenoptera_Ichneumonidae_Mesoleptus_NA_BOLD_ACB1703_size.358","LC08_045029_20180726_B1",22,0.0596935225594537,"LC08_045029_20180726_B1",22,0.0596935225594537
"R5991__Insecta_Coleoptera_Elateridae_Dolerosomus_NA_BOLD_ACI5951_size.121","lg_DistRoad",25,0.070021662785927,"lg_DistRoad",25,0.070021662785927
"R6022.20__Insecta_Diptera_Keroplatidae_NA_NA_BOLD_ACI9068_size.585","ndvi_p95_r250",20,0.0603564156606388,"ndvi_p95_r250",20,0.0603564156606388
"R6049__Insecta_Hymenoptera_Ichneumonidae_NA_NA_BOLD_ACV5010_size.332","ndvi_p95_r250",20,0.0557274559581325,"ndvi_p95_r250",20,0.0557274559581325
"R6058.2__Insecta_Diptera_Muscidae_Helina_NA_BOLD_ACE8833_size.6591","ndmi_p95_r100",21,0.0666158602688595,"ndmi_p95_r100",21,0.0666158602688595
"R6072.2__Insecta_Lepidoptera_Blastobasidae_Pigritia_fidella_BOLD_AAD3758_size.40","lg_DistRoad",25,0.0648804595523112,"lg_DistRoad",25,0.0648804595523112
"R608__Insecta_Hymenoptera_Vespidae_Dolichovespula_arenaria_BOLD_AAC0675_size.92920","tpi1k",12,0.0819983210022526,"tpi1k",12,0.0819983210022526
"R6080__Insecta_Diptera_Keroplatidae_NA_NA_BOLD_AAP9078_size.662","lg_DistRoad",25,0.0791257692329053,"lg_DistRoad",25,0.0791257692329053
"R6085.4__Insecta_Diptera_Mycetophilidae_NA_NA_BOLD_ACS9352_size.1529","LC08_045029_20180726_B5",23,0.0521033358955472,"LC08_045029_20180726_B5",23,0.0521033358955472
"R6090__Insecta_Hymenoptera_Vespidae_Vespula_alascensis_BOLD_AAE3820_size.53814","ndvi_p50_r100",18,0.0785559495556025,"ndvi_p50_r100",18,0.0785559495556025
"R6127.9__Arachnida_Araneae_Linyphiidae_Neriene_litigiosa_BOLD_AAX6329_size.723","l_rumple",14,0.054901367351545,"l_rumple",14,0.054901367351545
"R6164.2__Insecta_Hymenoptera_Formicidae_Formica_NA_BOLD_AAA4975_size.339","tri30",7,0.0641865952733161,"tri30",7,0.0641865952733161
"R6191__Insecta_Diptera_Muscidae_Phaonia_NA_BOLD_ACI3443_size.232652","LC08_045029_20180726_B5",23,0.0859116593192764,"LC08_045029_20180726_B5",23,0.0859116593192764
"R6236.2__Insecta_Hymenoptera_Apidae_Bombus_flavifrons_BOLD_ACE3465_size.2066","lg_DistRoad",25,0.0640359705106182,"lg_DistRoad",25,0.0640359705106182
"R6287.12__Insecta_Plecoptera_Nemouridae_Malenka_NA_BOLD_ACD4370_size.226","Nss30",8,0.0684265192715493,"Nss30",8,0.0684265192715493
"R6623.2__Insecta_Neuroptera_Hemerobiidae_Hemerobius_discretus_BOLD_ABZ0149_size.2910","gt4_500",1,0.0802182615499807,"gt4_500",1,0.0802182615499807
"R6630.2__Insecta_Psocodea_Dasydemellidae_Teliapsocus_conterminus_BOLD_AAP4627_size.5126","lg_DistRoad",25,0.0926287584300317,"lg_DistRoad",25,0.0926287584300317
"R6736.9__Insecta_Diptera_Cecidomyiidae_NA_NA_BOLD_ACX4695_size.39","lg_DistRoad",25,0.0990326085587707,"lg_DistRoad",25,0.0990326085587707
"R678.72__Insecta_Diptera_Phoridae_Megaselia_NA_BOLD_ACC9948_size.72","LC08_045029_20180726_B5",23,0.0589700283530327,"LC08_045029_20180726_B5",23,0.0589700283530327
"R6902.43__Insecta_Hemiptera_Miridae_Psallovius_piceicola_BOLD_AAZ1683_size.38","lg_DistRoad",25,0.0736838310452582,"lg_DistRoad",25,0.0736838310452582
"R7197.2__Insecta_Lepidoptera_Geometridae_Enypia_NA_BOLD_AAA6739_size.494","ndvi_p95_r250",20,0.0703371232001091,"ndvi_p95_r250",20,0.0703371232001091
"R7219.2__Insecta_Coleoptera_Elateridae_Athous_scissus_BOLD_ACX0632_size.2217","twi30",10,0.0642339135588566,"twi30",10,0.0642339135588566
"R7291.28__Insecta_Neuroptera_Chrysopidae_Chrysoperla_NA_BOLD_AAB0373_size.15","ndvi_p95_r250",20,0.0583442432655163,"ndvi_p95_r250",20,0.0583442432655163
"R7311.2__Insecta_Coleoptera_Cerambycidae_Xestoleptura_crassipes_BOLD_AAD0073_size.5097","twi30",10,0.0583760984696812,"twi30",10,0.0583760984696812
"R7337__Insecta_Diptera_Syrphidae_Milesia_pulchra_BOLD_AAY9056_size.62348","be30",6,0.0700933062477012,"be30",6,0.0700933062477012
"R7357.2__Insecta_Hymenoptera_Formicidae_Camponotus_modoc_BOLD_AAC9538_size.846","be30",6,0.0611063508816427,"be30",6,0.0611063508816427
"R7405__Insecta_Diptera_Muscidae_Phaonia_NA_BOLD_ACE6851_size.3610","Ess30",9,0.0644719638388808,"Ess30",9,0.0644719638388808
"R7564.11__Insecta_Psocodea_Philotarsidae_Philotarsus_californicus_BOLD_ACU2415_size.67","gt4_500",1,0.0745860728411359,"gt4_500",1,0.0745860728411359
"R7667.19__Insecta_Diptera_Ditomyiidae_NA_NA_BOLD_AAP8153_size.402","tri30",7,0.0601229190073715,"tri30",7,0.0601229190073715
"R7753.15__Insecta_Hymenoptera_Ichneumonidae_Campoletis_NA_BOLD_ACG1630_size.234","ndvi_p5_r500",17,0.0491128670068742,"ndvi_p5_r500",17,0.0491128670068742
"R7935.15__Insecta_Hymenoptera_Formicidae_Formica_pacifica_BOLD_AAI5674_size.84","LC08_045029_20180726_B1",22,0.0781186465590932,"LC08_045029_20180726_B1",22,0.0781186465590932
"R8182.7__Insecta_Diptera_Chironomidae_NA_NA_BOLD_AAV6023_size.115","tpi250",11,0.0649201669192514,"tpi250",11,0.0649201669192514
"R8220.14__Insecta_Diptera_Dryomyzidae_Paradryomyza_NA_BOLD_AAI6087_size.139","ndvi_p95_r250",20,0.05750816356248,"ndvi_p95_r250",20,0.05750816356248
"R8486.22__Insecta_Diptera_Sciomyzidae_NA_NA_BOLD_AAP6462_size.369","nbr_stdDev_r250",15,0.0608625208241819,"nbr_stdDev_r250",15,0.0608625208241819
"R9024.3__Insecta_Coleoptera_Curculionidae_Anisandrus_NA_BOLD_AAD0158_size.391","twi30",10,0.0810608690937176,"twi30",10,0.0810608690937176
"R9073.3__Insecta_Diptera_NA_NA_NA_BOLD_ACF6271_size.3304","l_rumple",14,0.0824145944912452,"l_rumple",14,0.0824145944912452
"R9076.4__Insecta_Diptera_Muscidae_Coenosia_NA_BOLD_ACB9516_size.228","be30",6,0.0765441999551095,"be30",6,0.0765441999551095
"R9119__Insecta_Diptera_Muscidae_Phaonia_nigricauda_BOLD_AAP6480_size.1261","twi30",10,0.0718552644523617,"twi30",10,0.0718552644523617
"R9141.5__Insecta_Diptera_Anthomyiidae_NA_NA_BOLD_ACC2962_size.1166","l_p25",13,0.0671617742047488,"l_p25",13,0.0671617742047488
"R9147.3__Insecta_Diptera_Cecidomyiidae_NA_NA_BOLD_ACC6221_size.13","tpi250",11,0.0615380224709385,"tpi250",11,0.0615380224709385
"R934.131__Insecta_Hymenoptera_Halictidae_Lasioglossum_NA_BOLD_ABZ0652_size.11","tri30",7,0.0789130222563202,"tri30",7,0.0789130222563202
"R9361.2__Insecta_Hemiptera_Miridae_NA_NA_BOLD_ACC4475_size.186","LC08_045029_20180726_B5",23,0.0578780952583134,"LC08_045029_20180726_B5",23,0.0578780952583134
"R9414.6__Insecta_Diptera_NA_NA_NA_BOLD_ACM5761_size.348","l_rumple",14,0.0732996798523362,"l_rumple",14,0.0732996798523362
"R9914.5__Insecta_Diptera_Cecidomyiidae_NA_NA_BOLD_ACI6458_size.84","tri30",7,0.0626643709689962,"tri30",7,0.0626643709689962
